# GT5 paint colour database (id, category, maker, name)
# Source: t_colour table from the GT5 Garage Editor 1.3.1 colour database
# (community dump, gt5GarageEditor project). Categories: 0=Solid 1=Metallic 2=Pearl 3=Iridescent 4=Matte 5=Chrome
# Regenerated from the game's PAINT_COLOR_INFO table (specdb GT5_JP3010, game v2.11) - all 3408 rows included.
# Category 99 = rows present in the game paint table that are not obtainable paint chips (hidden / two-tone / placeholder entries).
# Rows with no label in the game data use their internal ID label (maker+id, e.g. "polyphony3138") as the name.
3343	1	mini	Absolute Black
3377	99	mini	Absolute Black/White stripes
1773	0	audi	Absolute Red
2277	0	pontiac	Abyss
2237	0	nissan	Active Red
2521	0	nismo	Active Red
2977	0	subaru	Active Red
2489	99	acura	acura2489
2490	99	acura	acura2490
1631	1	chevrolet	Admiral Blue Metallic
636	0	chevrolet	Adobe Beige
320	0	isuzu	Adonis Yellow
893	1	jaguar	Adriatic Metallic
1794	0	toyota	Adventure Toning
638	1	peugeot	Aegean Blue
1880	2	acura	Aegean Blue Pearl
3031	99	aem	aem3031
534	0	mercedes	African Violet
193	1	nissan	Air Blue Pearl Metallic
1242	1	audi	Akoya Silver Metallic
2755	0	chrysler	Alabaster
1048	1	honda	Alabaster Silver Metallic
96	0	mercedes	Alabasterweiß
319	0	pontiac	Alamo Beige
1428	0	nissan	Alaskan White
1893	1	mitsubishi	Alepen Silver
3038	0	alfaromeo	Alfa Red
2157	99	alfaromeo	alfaromeo2157
2906	99	alfaromeo	alfaromeo2906
718	1	mercedes	Almandinrot
963	1	audi	Almond Beige Metallic
1220	0	mini	Almond Green
2042	1	astonmartin	Almond Green
1703	1	tvr	Alpine Green Metallic
1289	1	jaguar	Alpine Metallic
624	0	plymouth	Alpine White
655	0	cizeta	Alpine White
1287	0	hyundai	Alpine White
1877	0	audi	Alpine White
2313	0	bmw	Alpinweiß
2697	0	volkswagen	Alpinweiß
1309	1	audi	Aluminium Silver Metallic
2966	0	mg_mini	Amaranth
2068	1	jaguar	Amaranth Metallic
1755	2	mini	Amaranth Pearl
1654	0	mitsubishi	Amazon Green
258	1	plymouth	Amber Sherwood Metallic
2837	99	amemiya	amemiya2837
3001	99	amemiya	amemiya3001
1795	2	mitsubishi	Amethyst Black Pearl
3357	1	astonmartin	Amethyst Red
685	1	toyota	Amethyst Silver Metallic
2101	1	mercedes	AMG alubeam silber
975	1	mercedes	AMG Daytona blau
976	2	mercedes	AMG Imola grau
973	1	mercedes	AMG Le Mans rot
1553	4	mercedes	AMG Monza grau magno
2305	0	audi	Amulet Red
2921	99	amuse	amuse2921
2772	0	opel	Ananasgelb
93	1	mercedes	Andraditgrün
10	0	suzuki	Antares Red
2963	0	mg_mini	Anthracite
291	1	mini	Anthracite Metallic
544	1	acura	Anthracite Metallic
1834	1	jaguar	Anthracite Metallic
2069	1	jaguar	Anthracite Metallic
1976	1	mercedes	Anthrazit Grau
885	1	jaguar	Antigua Metallic
1833	1	jaguar	Antigua Metallic
167	0	mitsubishi	Appalachian Black
3385	1	astonmartin	Appletree Green
259	1	plymouth	April Green Metallic
3061	0	lexus	Aqua
981	1	chevrolet	Aqua Blue Metallic
1070	1	toyota	Aqua Blue Metallic
2141	99	chevrolet	Aqua Blue Metallic White Hood and Hockey Stripe
1041	99	chevrolet	Aqua Blue Metallic White Stripe
122	1	nissan	Aqua Blue Titan Pearl Metallic
2620	0	nissan	Aqua Gray
420	1	nissan	Aqua Green Metallic
640	1	chrysler	Aqua Marine Metallic
281	1	lotus	Aqua Metallic
2615	1	mercedes	Aquamarin
2339	1	pontiac	Aquamarine
1496	1	lotus	Aquamarine Blue
3355	1	nissan	Aqua　Blue (PM3)
2301	0	fiat	Arancio
3168	0	lamborghini	ARANCIO
3312	2	lamborghini	Arancio Argos
1024	0	lamborghini	Arancio Atlas
224	1	fiat	Arancio Calipso Metallizzato
566	2	acura	Arctic Blue Pearl
1214	2	honda	Arctic Blue Pearl
2052	2	lotus	Arctic Silver
14	1	lotus	Arctic Silver Metallic
939	1	subaru	Arctic Silver Metallic
1293	1	mazda	Arctic Silver Metallic
297	0	chevrolet	Arctic White
330	0	audi	Arctic White
701	0	marcos	Arctic White
1018	0	tesla_motors	Arctic White
1686	0	nissan	Arctic White
2021	0	mazda	Arctic White
711	2	nissan	Arctic White Pearl
907	2	subaru	Arctic White Pearl
388	2	vauxhall	Arden Blue Pearl
2769	2	opel	Ardenblau
2201	0	lotus	Ardent Red
1730	0	autobianchi	Ardenza Amaranth
2838	1	ferrari	Argento
3396	1	scion	Argento
31	1	alfaromeo	Argento Alfa
1524	1	lamborghini	ARGENTO LUNA
1010	0	ferrari	Argento Nurburgring
1618	1	ferrari	Argento Nurburgring
493	1	bmw	Arktis metallic
1281	1	bmw	Arktissilber Metallic
247	2	audi	Arrow Gray Pearl Effect
2804	99	artmorrison	artmorrison2804
2246	1	nissan	Aruba Blue
2452	0	vauxhall	Aruba Blue
2307	0	opel	Arubablau
2566	0	honda	Ascari Red
1664	2	honda	Ascari Red Pearl
1434	1	tvr	Ash Green Metallic
2413	99	asl	asl2413
2994	99	asl	asl2994
2221	0	mitsubishi	Aso Red
860	0	lotus	Aspen White
3393	1	scion	Asphalt
1410	1	mazda	Astoria Green Metallic
1235	1	isuzu	Astra Silver
22	1	mini	Astro Black Metallic
1696	1	chevrolet	Astro Blue Metallic
1096	1	infiniti	Athens Blue
887	1	nissan	Athletesilver Metallic
1891	0	mitsubishi	Atlantic Blue
1516	2	subaru	Atlantic Blue Pearl
1973	2	dodge	Atlantic Blue Pearl Coat
767	1	chevrolet	Atomic Orange Metallic Tintcoat
2498	99	au_ford	au_ford2498
1614	1	lotus	Aubergine Purple Metallic
2397	99	audi	audi2397
2611	99	audi	audi2611
2709	99	audi	audi2709
2753	99	audi	audi2753
2791	99	audi	audi2791
2978	99	audi	audi2978
3028	99	audi	audi3028
3043	99	audi	audi3043
3163	99	audi	audi3163
3326	2	nissan	Aurora Flare Blue Pearl (2P)
1399	3	alfaromeo	Aurora Nuvola Iridescente
1739	1	plymouth	Autumn Bronze Metallic
161	1	chevrolet	Autumn Gold Metallic
1375	1	chevrolet	Autumn Gold Metallic
2890	1	ferrari	Avio Met
2438	0	alfaromeo	Avorio
2889	0	ferrari	Avorio
1963	0	fiat	Avorio Antico
326	0	fiat	Avorio Delhi
1212	2	audi	Avus Silver Pearl Effect
495	2	honda	Aztec Green Pearl
1885	0	caterham	Aztec Orange
740	0	seat	Azul aniversario
737	0	seat	Azul antracita
1184	1	alfaromeo	Azul Fantasia Metallizzato
1433	0	seat	Azul lluvia
2774	0	seat	Azul polar
2773	0	seat	Azul swing
2645	1	chevrolet	Azure Aqua Metallic
1079	99	bmw	Azure Blue
2570	1	caterham	Azure Blue
780	1	lotus	Azure Blue Metallic
1154	1	lotus	Azure Blue Metallic
481	2	audi	Azure Blue Pearl
1733	1	suzuki	Azure Gray Pearl Metallic
605	1	chevrolet	Azure Turquoise Metallic
2616	1	mercedes	Azuritblau
1490	1	ferrari	Azzuro California
2839	1	ferrari	Azzurro
204	0	alfaromeo	Azzurro Achille
1797	0	fiat	Azzurro Acqua Marina
1682	1	alfaromeo	Azzurro Gabbiano Metallizzato
749	1	alfaromeo	Azzurro Le Castellet Metallizzato
2056	1	ferrari	Azzurro Met
327	0	fiat	Azzurro Nautico
139	3	alfaromeo	Azzurro Nuvola Iridescente
3351	0	volkswagen	Bahama Blue
260	0	plymouth	Bahama Yellow
1908	0	lotus	Bahama Yellow
1944	0	dodge	Bahama Yellow
1969	0	marcos	Bahama Yellow
540	0	honda	Baltic Blue
1389	1	vauxhall	Bamboo Green
2664	1	dodge	Banana
509	1	pontiac	Barbados Blue Metallic
3094	1	holden	Barbados Metallic
1113	2	suzuki	Barcelona Orange Pearl
494	1	bmw	Barriquerot metallic
1574	99	bmw	Base Silver
1283	2	volkswagen	Batikblau Perleffekt
438	0	honda	Bay Leaf Green
1661	1	nissan	Bay Side Blue (M)
2045	1	mines	Bay Side Blue (M)
1716	2	nissan	Beam Gray Pearl
2236	0	nissan	Beans
2669	0	dodge	Beige
2729	0	ac	Beige
2936	0	volvo	Beige
597	1	renault	Beige Angora
1539	99	bugatti	Beige Gold M / Black Blue M
66	1	honda	Beige Metallic
76	1	toyota	Beige Metallic
1406	1	scion	Beige Metallic
1511	1	volvo	Beige Metallic
644	1	lexus	Beige Mica Metallic
1695	1	toyota	Beige Mica Metallic
1780	1	toyota	Beige Mica Metallic
369	0	fiat	Beige Sabbia
1251	1	peugeot	Beige Solstice
2912	99	bentley	bentley2912
1643	2	suzuki	Berlin Black Pearl
60	0	honda	Berlina Black
471	0	acura	Berlina Black
1710	0	amuse	Berlina Black
1491	2	honda	Bermuda Blue Pearl
1657	0	mercedes	Bernsteinrot
1431	1	nissan	Berona Gray
1546	2	audi	Berry Pearl Effect
2751	1	mercedes	Beryll
2344	0	fiat	Bianco
2367	0	fiat	Bianco
1008	0	ferrari	Bianco Avus
1616	0	ferrari	Bianco Avus
1953	0	alfaromeo	Bianco Banchisa
3315	4	lamborghini	Bianco Canopus
2105	0	maserati	Bianco Eldorado
382	0	alfaromeo	Bianco Farina
568	0	alfaromeo	Bianco Gardenia
2115	0	lamborghini	Bianco Isis
922	0	lamborghini	BIANCO LABRADOR
1554	0	lamborghini	Bianco Monocerus
1152	0	alfaromeo	Bianco Nuvola
140	0	alfaromeo	Bianco Polare
1458	0	alfaromeo	Bianco Polare
1482	0	ferrari	Bianco polo
206	0	alfaromeo	Bianco Spino
2151	99	ford	Black
2238	0	toyota	Black
2260	0	lotus	Black
2287	0	trd	Black
2294	0	autobianchi	Black
2303	0	toyota	Black
2306	0	chevrolet	Black
2320	0	mini	Black
2326	0	nissan	Black
2330	0	dodge	Black
2347	0	nismo	Black
2348	99	toyota	Black
2366	0	lotus	Black
2420	99	lotus	Black
2444	0	vauxhall	Black
2446	0	spyker	Black
2508	0	jensen	Black
2563	0	buick	Black
2574	0	chrysler	Black
2676	0	eagle	Black
2679	0	lexus	Black
2706	0	scion	Black
2727	0	ac	Black
2761	0	asl	Black
2795	0	chevrolet	Black
2798	0	ford	Black
2799	0	lotus	Black
2911	0	jaguar	Black
2939	0	volvo	Black
3033	0	lexus	Black
3039	0	alfaromeo	Black
3075	0	chevrolet	Black
3348	0	volkswagen	Black
1030	0	lexus	Black Amethyst
1158	1	chevrolet	Black Cherry Metallic
876	0	ford	Black Clearcoat
1175	0	ford	Black Clearcoat
1586	99	chevrolet	Black Cyber Gray Hood and Hockey Stripe
1037	99	chevrolet	Black Cyber Gray Stripe
78	0	lotus	Black Gloss
2357	2	fiat	Black Ink
958	99	bugatti	Black M / Black M
829	2	volkswagen	Black Magic Perleffekt
1181	2	volkswagen	Black Magic Perleffekt
192	1	daihatsu	Black Metallic
527	1	toyota	Black Metallic
990	1	daihatsu	Black Metallic
1262	1	saleen	Black Metallic
1681	1	toyota	Black Metallic
1887	1	nissan	Black Metallic
1500	2	toyota	Black Mica
2195	2	mitsubishi	Black Mica
2217	2	toyota	Black Mica
2233	2	mitsubishi	Black Mica
2261	2	daihatsu	Black Mica
2525	2	mazda	Black Mica
2639	2	daihatsu	Black Mica
2711	2	scion	Black Mica
2975	2	subaru	Black Mica
1866	2	toyota	Black Mica Color Clear
30	0	infiniti	Black Obsidian
487	0	infiniti	Black Obsidian
101	2	nissan	Black Pearl
844	2	mines	Black Pearl
1264	2	mitsubishi	Black Pearl
4	2	nissan	Black Pearl (M)
1133	1	nissan	Black Pearl (M)
1757	1	nismo	Black Pearl Metallic
507	2	toyota	Black Sand Pearl
1359	0	vauxhall	Black Sapphire
1312	1	bmw	Black Sapphire Metallic
2074	1	volvo	Black Sapphire Metallic
1544	2	subaru	Black Topaz Mica
1374	0	plymouth	Black Velvet
23	1	mini	Black-Eye Purple Metallic
158	1	toyota	Blackish Khaki Metallic
339	2	toyota	Blackish Red Mica
1940	2	lexus	Blackish Red Mica
2243	1	nissan	Blade
34	1	nissan	Blade Silver (M)
138	1	honda	Blade Silver Metallic
1525	1	chevrolet	Blade Silver Metallic
2764	0	hommell	Blanc
211	0	peugeot	Blanc Banquise
304	0	citroen	Blanc Banquise
598	0	renault	Blanc Glacier
736	0	seat	Blanco candy
717	0	mercedes	Blau Schwarz
2854	0	mercedes	Blaugrau
1424	0	mercedes	Blauschwarz
2860	0	mazda	Blaze Red
722	1	chrysler	Blaze Red Crystal Clear Coat
878	0	alpine	Bleu Alpine
1163	1	alpine	Bleu Alpine
1227	0	citroen	Bleu Amiral
573	1	citroen	Bleu Balmoral
346	1	peugeot	Bleu de Byzance
1322	1	peugeot	Bleu de Chine
2613	1	renault	Bleu Encre
1888	1	citroen	Bleu Grand Pavois
914	1	peugeot	Bleu Hyperion
515	1	renault	Bleu Iliade
1099	1	renault	Bleu Iliade
2572	2	citroen	Bleu Lucia
215	0	peugeot	Bleu Mauritius
1762	0	citroen	Bleu Mauritius
1992	1	hommell	Bleu Metallise
386	1	renault	Bleu Methyl
1320	1	renault	Bleu Methyl
753	0	hommell	Bleu Non Metallise
1357	1	renault	Bleu Ottoman
2614	0	renault	Bleu Roy
229	1	peugeot	Bleu Récife
213	0	peugeot	Bleu Santorin
512	0	renault	Bleu Tibetain
1867	1	peugeot	Bleu Tivoli
2612	99	blitz	blitz2612
2942	99	blitz	blitz2942
2739	0	lancia	Blu
866	1	ferrari	Blu Abu Dhabi
1683	1	alfaromeo	Blu Casual Metallizzato
751	0	alfaromeo	Blu Chiaia Di Luna
146	1	alfaromeo	Blu Cosmo Metallizzato
1991	1	alfaromeo	Blu Daytona Metallizzato
2841	0	ferrari	Blu Dino
839	1	ferrari	Blu Dino Met.
350	1	fiat	Blu Elettrico
2715	0	fiat	Blu Fond
3053	1	lamborghini	Blu Hera
141	1	alfaromeo	Blu Inca Metallizzato
2439	0	alfaromeo	Blu Medio
2859	0	fiat	Blu Medio
1688	1	alfaromeo	Blu Metallizzato
1192	1	fiat	Blu Midnight Metallizzato
20	1	ferrari	Blu Mirabeau
1572	1	ferrari	Blu Mirabeau
2209	1	alfaromeo	Blu Misano
1627	1	alfaromeo	Blu Montecarlo
2203	1	ferrari	Blu NART
3041	1	ferrari	Blu NART
2107	1	maserati	Blu Nettuno
2992	1	maserati	Blu Oceano
1954	1	alfaromeo	Blu Ontario Metallizzato
2842	0	ferrari	Blu Ortis
3025	0	ferrari	Blu Pozzi
2892	0	ferrari	Blu Scozia
2369	0	fiat	Blu Scuro
1483	0	ferrari	Blu scuro Dino
2840	0	ferrari	Blu Sera
840	1	ferrari	Blu sera Met.
1012	0	ferrari	Blu Tour de France
1620	1	ferrari	Blu Tour de France
1964	0	fiat	Blu Turchese
1735	1	alfaromeo	Blu Vela Metallizzato
1843	0	alfaromeo	Blu Victoria
1080	99	bmw	Blue
2418	99	lotus	Blue
2762	0	asl	Blue
2940	0	volvo	Blue
3007	99	toyota	Blue
2342	1	isuzu	Blue Bell
2327	0	nissan	Blue Black
622	1	plymouth	Blue Fire Metallic
901	1	volvo	Blue Green Metallic
944	99	bugatti	Blue M / Black Blue M
81	1	toyota	Blue Metallic
250	1	toyota	Blue Metallic
690	1	scion	Blue Metallic
1265	1	tommykaira	Blue Metallic
1430	1	nissan	Blue Metallic
1871	1	toyota	Blue Metallic
2196	2	mitsubishi	Blue Mica
2239	2	toyota	Blue Mica
2286	2	trd	Blue Mica
2556	2	toyota	Blue Mica
2640	2	toyota	Blue Mica
2680	2	lexus	Blue Mica
2707	2	scion	Blue Mica
234	2	toyota	Blue Mica Metallic
417	1	toyota	Blue Mica Metallic
525	1	toyota	Blue Mica Metallic
873	1	toyota	Blue Mica Metallic
1321	1	toyota	Blue Mica Metallic
1955	1	lexus	Blue Mica Metallic
1988	2	tvr	Blue Pearlescent
88	1	toyota	Blue Planetary Metallic
833	1	astonmartin	Blue Sapphire
539	99	nissan	Blue Two-Tone
1720	2	volkswagen	Blue-anthrazit Perleffekt
671	2	volkswagen	Blue-Graphit Perleffekt
2588	0	alfaromeo	Bluette
1197	2	suzuki	Bluish Black Pearl 3
1875	99	nissan	Bluish Black Two-Tone
562	1	toyota	Bluish Gray Metallic
1694	1	toyota	Bluish Gray Metallic
676	1	lexus	Bluish Silver Metallic
1292	1	toyota	Bluish Silver Metallic
391	99	nissan	Bluish Silver Two-Tone
1592	99	bmw	bmw1592
2411	99	bmw	bmw2411
2414	99	bmw	bmw2414
2415	99	bmw	bmw2415
2424	99	bmw	bmw2424
2591	99	bmw	bmw2591
2828	99	bmw	bmw2828
3115	99	bmw	bmw3115
672	2	lexus	Bordeaux Mica
680	2	scion	Bordeaux Mica
1147	2	toyota	Bordeaux Mica
1555	1	maserati	Bordeaux Pontevecchio
15	1	lotus	Bordeaux Red Metallic
1311	2	honda	Bordeaux Red Pearl
2749	1	mercedes	Bornit
987	0	fiat	Bossa Nova White
1886	1	caterham	Boston Green
1826	1	bmw	Bostongrün metallic
999	1	jaguar	Botanical Green Metallic
923	0	astonmartin	Braemar Blue
218	99	mazda	Brave Blue Mica
854	2	mazda	Brave Blue Mica
2506	0	jensen	Brazilia
408	1	vauxhall	Breeze Blue
251	1	opel	Breezeblau Metallic
1298	1	jensen	Brienz Blue
397	1	dodge	Bright Blue Metallic
2152	99	ford	Bright Blue Metallic
1222	1	chevrolet	Bright Green Metallic
1943	1	dodge	Bright Green Metallic
660	2	eagle	Bright Jade
1223	1	chevrolet	Bright Purple Metallic
1250	0	chevrolet	Bright Rally Red
1060	99	ford	Bright Red
2328	0	chevrolet	Bright Red
2447	0	dodge	Bright Red
236	0	suzuki	Bright Red 2
2065	0	suzuki	Bright Red 2
543	0	ford	Bright Red Clearcoat
1445	1	hyundai	Bright Silver
2094	99	bugatti	Bright Silver M / Lemon
372	1	dodge	Bright Silver Metallic
1366	1	daihatsu	Bright Silver Metallic
1692	1	daihatsu	Bright Silver Metallic
1892	1	chrysler	Bright Silver Metallic
2077	1	dodge	Bright Silver Metallic
723	0	dodge	Bright White
1273	0	dodge	Bright White
1391	0	eagle	Bright white
3337	0	mini	Bright Yellow
3374	99	mini	Bright Yellow/Black stripes
794	2	volkswagen	Brightgreen Perleffekt
1896	2	volkswagen	Brightgreen Perleffekt
2005	0	audi	Brillantrot
778	99	audi	Brillantrot/Brillantrot
769	0	audi	Brillantschwarz
50	0	mazda	Brilliant Black
323	0	audi	Brilliant Black
1202	0	audi	Brilliant Black
1521	0	audi	Brilliant Black
908	2	dodge	Brilliant Black Crystal Pearl
1443	2	chrysler	Brilliant Black Crystal Pearl
338	0	audi	Brilliant Blue
395	2	nissan	Brilliant Blue
904	2	volvo	Brilliant Blue Pearl
2144	1	honda	Brilliant Orange Metallic
1239	0	audi	Brilliant Red
485	1	infiniti	Brilliant Silver
33	1	nissan	Brilliant Silver (M)
2075	1	subaru	Brilliant Silver Metallic
2147	1	honda	Brilliant Sky Metallic
1935	2	honda	Brilliant White Pearl
871	2	nissan	Brilliant White Pearl (3P)
1916	0	vauxhall	Brilliant Yellow
2126	0	tesla_motors	Brilliant Yellow
1986	0	opel	Brilliantgelb
98	1	mercedes	Brilliantsilber
276	0	mini	British Racing Green
352	0	jaguar	British Racing Green
414	0	vauxhall	British Racing Green
590	0	lotus	British Racing Green
702	0	marcos	British Racing Green
828	0	jaguar	British Racing Green
888	0	astonmartin	British Racing Green
929	0	mg_mini	British Racing Green
1952	0	triumph	British Racing Green
289	1	mini	British Racing Green Metallic
1094	1	mini	British Racing Green Metallic
3306	1	mini	British Racing Green Ⅱ Metallic
424	0	opel	British Racing Grün
1765	1	honda	Brittany Blue Green Metallic
389	2	vauxhall	Brocade Yellow Pearl
2770	2	opel	Brokatgelb
952	99	bugatti	Bronze M / Brown M
195	1	toyota	Bronze Mica Metallic
1582	0	lexus	Brown Stone
1537	99	bugatti	Bugatti Light Blue / Bugatti Dark Blue
2619	99	buick	buick2619
2519	1	mercury	Burgundy
298	1	chevrolet	Burgundy Metallic
1811	1	dodge	Burgundy Metallic
113	0	nissan	Burning Red
810	0	nissan	Burning Red
1918	1	chevrolet	Burnished Brown Metallic
261	1	plymouth	Burnished Red Metallic
858	1	lotus	Burnt Orange
619	1	plymouth	Burnt Orange Metallic
2605	0	lotus	Burnt Sand
1926	1	plymouth	Burnt Tan Metallic
606	0	chevrolet	Butternut Yellow
1271	0	dodge	Butterscotch
1850	2	audi	Cactus Green Pearl
2355	99	cadillac	cadillac2355
1847	0	isuzu	Cafe Au Lait
2858	0	mercedes	Calcitweiß
407	0	mitsubishi	California Red
837	1	astonmartin	California Sage
464	1	jensen	California Sage Metallic
730	0	nissan	Californian yellow
705	0	callaway	Callaway Special Yellow
413	0	vauxhall	Calypso Red
1146	0	lotus	Calypso Red
2011	0	lotus	Calypso Red
2461	0	opel	Calypsorot
1970	0	mazda	Camellia Red
2476	0	volkswagen	Cameo Blue
318	0	pontiac	Cameo Ivory
1225	0	chevrolet	Can-Am White
423	1	mitsubishi	Canal Blue Metallic
1968	0	ac	Canary Yellow
1261	2	mazda	Canary Yellow Mica
2836	0	volkswagen	Candy-Weiß
2561	0	volkswagen	Candyweiß
2585	1	isuzu	Cannon
2474	2	volkswagen	Canyon Red
2886	1	lotus	Canyon Red
2467	0	ford	Capri-Blau
41	2	honda	Captivate Blue Pearl
1575	99	bmw	Carbon Black
311	1	hyundai	Carbon Blue
862	1	lotus	Carbon Grey
592	1	bmw	Carbonschwarz Metallic
2000	0	hyundai	Cardial Red
476	0	mercury	Cardinal Red
1112	0	honda	Cardinal Red
489	1	infiniti	Caribbean Blue
2905	0	jaguar	Carmen Red
2689	0	triumph	Carmine
1488	1	mercedes	Carneolrot metallic
890	1	jaguar	Carnival Metallic
1789	1	jaguar	Carnival Metallic
1118	0	lotus	Carnival Red
1101	0	honda	Carnival Yellow
650	0	nissan	Caroline Red
1764	0	honda	Caroline Yellow
483	0	audi	Casablanca White
1204	0	opel	Casablancaweiß
535	0	mercedes	Cascade Blue
941	0	subaru	Cashmere Yellow
1303	1	mercury	Caspian Blue
1756	2	honda	Cassis Red Pearl
1828	1	suzuki	Cat's Eye Blue Metallic
1884	0	caterham	Caterham Black
550	0	caterham	Caterham Racing Green
551	0	caterham	Caterham Red
552	0	caterham	Caterham Yellow
1224	1	chevrolet	Cayenne Red Metallic
1841	0	nissan	Cayman Blue
2440	0	alfaromeo	Celeste
2849	1	ferrari	Celeste
1481	1	astonmartin	Celeste Blue
867	1	ferrari	Celeste Met
814	0	ford	Centennial White
1791	0	ford	Centennial White Clearcoat
815	99	ford	Centennial White/Bodyside Stripes
2032	99	ford	Centennial White/Racing Stripes
2502	0	jensen	Cerise
1307	1	isuzu	Ceruleanblue Metallic
743	0	opel	Chagalleblau
171	3	tvr	Chameleon Blue
1167	3	tvr	Chameleon Orange
1557	99	toyota	Chameleon Purple
2632	0	bmw	Chamonix
594	0	mazda	Chamonix White
1342	0	isuzu	Chamonix White
1697	1	chevrolet	Champagne Gold Metallic
379	1	daihatsu	Champagne Metallic Opal
479	1	nissan	Champagne Silver Titan Metallic
458	0	nissan	Champion Blue
1630	0	suzuki	Champion Yellow 4
5	0	honda	Championship White
92	0	honda	Championship White
1134	0	spoon	Championship White
2864	0	honda	Championship White
2958	99	chaparral	chaparral2958
2960	99	chaparral	chaparral2960
2967	0	mg_mini	Charcoal
3106	1	shelby	Charcoal
3107	99	shelby	Charcoal
1958	1	chevrolet	Charcoal Metallic
1836	0	mazda	Chaste White
1815	1	mitsubishi	Chateau Silver
1548	2	audi	Cherry Black Pearl Effect
2719	0	ac	Cherry Red
2193	99	chevrolet	chevrolet2193
2551	99	chevrolet	chevrolet2551
2648	99	chevrolet	chevrolet2648
2649	99	chevrolet	chevrolet2649
2650	99	chevrolet	chevrolet2650
2651	99	chevrolet	chevrolet2651
2902	99	chevrolet	chevrolet2902
2947	99	chevrolet	chevrolet2947
3069	99	chevrolet	chevrolet3069
3070	99	chevrolet	chevrolet3070
3071	99	chevrolet	chevrolet3071
3072	99	chevrolet	chevrolet3072
3073	99	chevrolet	chevrolet3073
3166	99	chevrolet	chevrolet3166
3176	99	chevrolet	chevrolet3176
3189	99	chevrolet	chevrolet3189
3404	99	chevrolet	chevrolet3404
2204	0	mini	Chili Red
2321	0	mini	Chili Red
1675	1	nissan	Chocolate Pearl Metallic
2780	0	volkswagen	Chromblau
864	1	lotus	Chrome Orange
151	1	lotus	Chrome Orange Metallic
781	1	lotus	Chrome Orange Metallic
179	1	nissan	Chrome Silver Metallic
2590	99	chrysler	chrysler2590
1306	0	mercury	Cinnamon Frost
2779	1	mercedes	Circongrün
1288	2	honda	Circuit Blue Pearl
704	0	ginetta	Cirrus White
1648	0	lotus	Cirrus White
2736	99	citroen	citroen2736
2865	99	citroen	citroen2865
2866	99	citroen	citroen2866
2867	99	citroen	citroen2867
2868	99	citroen	citroen2868
2869	99	citroen	citroen2869
2870	99	citroen	citroen2870
2871	99	citroen	citroen2871
2872	99	citroen	citroen2872
2873	99	citroen	citroen2873
2874	99	citroen	citroen2874
2875	99	citroen	citroen2875
2876	99	citroen	citroen2876
2877	99	citroen	citroen2877
2878	99	citroen	citroen2878
2879	99	citroen	citroen2879
2880	99	citroen	citroen2880
2881	99	citroen	citroen2881
2882	99	citroen	citroen2882
2883	99	citroen	citroen2883
2884	99	citroen	citroen2884
2885	99	citroen	citroen2885
3035	99	citroen	citroen3035
1373	1	plymouth	Citron Gold Metallic
627	1	plymouth	Citron Mist Metallic
403	0	dodge	Citron Yella
962	0	audi	Citrus Yellow
344	99	nissan	Citrus Yellow Two-Tone
252	1	opel	Cityrot Metallic
654	0	cizeta	Cizeta Canary
2670	0	cizeta	Cizeta Red
2505	0	jensen	Claret
2907	0	jaguar	Claret
1103	0	mazda	Classic Red
162	0	chevrolet	Classic White
47	1	nissan	Clear Silver
3386	1	astonmartin	Cobalt Blue
1217	1	lotus	Cobalt Blue Metallic
1243	1	audi	Cobalt Blue Metallic
712	2	nissan	Cobalt Green Pearl
600	0	vauxhall	Colmar Blue
2777	0	opel	Colmarblau
79	0	lotus	Colorado Orange
774	0	ford	Colorado Red
426	0	ford	Colorado-Rot
2360	0	mitsubishi	Colton Red
1355	2	mazda	Combination A Artvin Red Mica
1910	2	mazda	Combination B Excellent Green Mica
1403	0	chevrolet	Competition Yellow
657	2	mazda	Competition Yellow Mica
1567	1	alfaromeo	Competizione Red
367	99	toyota	Confident Two-Tone
1534	1	subaru	Cool Gray Metallic
109	1	mitsubishi	Cool Silver Metallic
1067	1	mitsubishi	Cool Silver Metallic
1608	1	mitsubishi	Cool Silver Metallic
761	0	chrysler	Cool Vanilla
2475	0	volkswagen	Cool White
500	1	tvr	Cooper Green Metallic
765	2	mazda	Copper Red Mica
2809	99	dodge	Copperhead Orange
2807	99	dodge	Copperhead Orange/White Stripes
2244	1	nissan	Coral Blue
2622	2	vauxhall	Coral Blue
1740	1	plymouth	Coral Turquoise Metallic
1116	0	suzuki	Cordoba Red
1934	1	chevrolet	Cordovan Brown Metallic
2295	0	autobianchi	Corsa Red
602	0	callaway	Corsa Rosa Red
299	1	chevrolet	Cortez Silver Metallic
1159	1	chevrolet	Cortez Silver Metallic
3345	1	mini	Cosmic Blue
899	2	volvo	Cosmic Blue Pearl
3381	99	mini	Cosmic Blue/White stripes
3092	1	holden	Cosmo Metallic
3098	2	holden	Cosmo Mica
724	1	lexus	Cosmo Silver
1426	1	toyota	Cosmo Silver
440	1	mini	Cosmos Black Metallic
1423	1	tvr	Cosmos Blue Metallic
1317	1	pontiac	Cosmos Purple Metallic
432	1	bmw	Cosmosschwarz Metallic
881	0	jaguar	Cotswold Blue
392	0	nissan	Cranberry Red
1698	0	chevrolet	Cranberry Red
294	2	nissan	Cranberry Red Pearl
1829	2	honda	Cranberry Red Pearl
2668	0	dodge	Cream
2908	0	jaguar	Cream
1148	0	honda	Creta White
1628	2	nissan	Crimson Red (3P)
1591	2	honda	Crystal Black Pearl
3320	2	toyota	Crystal Black Silica
3400	2	subaru	Crystal Black Silica
877	1	mazda	Crystal Blue Metallic
1779	1	audi	Crystal Blue Metallic
1401	0	mercedes	Crystal Galaxit Black
679	1	mercedes	Crystal Galaxit Silver
1031	1	lexus	Crystal Gold
875	1	mercedes	Crystal Laurit Silver
3341	1	mini	Crystal Silver
3373	99	mini	Crystal Silver/Black stripes
1704	3	tvr	Crystal Topaz Pearlescent
2	0	nissan	Crystal White
104	0	nissan	Crystal White
1086	0	mazda	Crystal White
1659	0	mazda	Crystal White
1463	2	mazda	Crystal White Pearl Mica
123	1	nissan	Crystalblue Metallic
97	1	mercedes	Cubanitsilber
848	1	mercedes	Cubanitsilber metallic
475	0	mercury	Cumberland Beige
262	0	plymouth	Curious Yellow
920	1	chevrolet	Cyber Gray Metallic
1034	1	chevrolet	Cyber Gray Metallic
3407	1	chevrolet	Cyber Gray Metallic
1039	99	chevrolet	Cyber Gray Metallic White Hood and Hockey Stripe
1038	99	chevrolet	Cyber Gray Metallic White Stripe
1827	1	volkswagen	Cybergreen Metallic
591	0	mazda	Cyberia Blue
1914	1	mercedes	Cypress Green
1266	2	vauxhall	Cypress Green Pearl
1854	2	honda	Cypress Green Pearl
884	1	suzuki	Cyprus Blue Metallic
1448	1	audi	Dakarbeige Metallic
2608	0	bmw	Dakargelb
1121	0	mitsubishi	Dandelion Yellow
2720	0	ac	Dark Blue
2938	0	volvo	Dark Blue
2030	2	nissan	Dark Blue (P)
398	1	dodge	Dark Blue Metallic
459	2	toms	Dark Blue Mica
664	2	toyota	Dark Blue Mica
994	2	toyota	Dark Blue Mica
1166	2	toyota	Dark Blue Mica
1396	2	lexus	Dark Blue Mica
1667	2	mitsubishi	Dark Blue Mica
1960	2	lexus	Dark Blue Mica
2155	2	toyota	Dark Blue Mica
646	1	lexus	Dark Blue Mica Metallic
1244	1	toyota	Dark Blue Mica Metallic
1367	1	daihatsu	Dark Blue Mica Metallic
1407	1	scion	Dark Blue Mica Metallic
1647	1	toyota	Dark Blue Mica Metallic
105	2	nissan	Dark Blue Pearl
228	2	nissan	Dark Blue Pearl
1514	2	volvo	Dark Blue Pearl
1804	2	mitsubishi	Dark Blue Pearl
119	1	toyota	Dark Bluish Gray Metallic
686	1	lexus	Dark Bluish Gray Metallic
400	1	dodge	Dark Bronze Metallic
652	1	dodge	Dark Burnt Orange Metallic
404	1	dodge	Dark Gold Metallic
2350	0	nissan	Dark Gray
805	1	subaru	Dark Gray Metallic
1326	1	toyota	Dark Gray Metallic
1942	1	dodge	Dark Gray Metallic
3322	1	toyota	Dark Gray Metallic
3402	1	subaru	Dark Gray Metallic
1397	2	lexus	Dark Gray Mica
416	1	toyota	Dark Gray Mica Metallic
874	1	toyota	Dark Gray Mica Metallic
1369	1	toyota	Dark Gray Mica Metallic
1948	1	lexus	Dark Gray Mica Metallic
457	2	nissan	Dark Gray Pearl
785	2	nissan	Dark Gray Pearl
1732	1	nissan	Dark Gray Pearl Metallic
2893	1	nissan	Dark Green
1063	99	ford	Dark Green Metallic
1140	99	toyota	Dark Green Metallic
1256	1	nissan	Dark Green Metallic
1270	1	dodge	Dark Green Metallic
1959	1	lexus	Dark Green Metallic
452	2	toyota	Dark Green Mica
612	2	daihatsu	Dark Green Mica
662	2	lexus	Dark Green Mica
665	2	toyota	Dark Green Mica
689	2	lexus	Dark Green Mica
1384	2	lexus	Dark Green Mica
1702	2	toyota	Dark Green Mica
1781	2	toyota	Dark Green Mica
1468	1	nissan	Dark Metal Gray (M)
1044	1	honda	Dark Pewter Metallic
160	2	toyota	Dark Purple Mica
2935	0	volvo	Dark Red
683	1	chevrolet	Dark Red Metallic
1978	2	toyota	Dark Red Mica
1179	1	toyota	Dark Red Mica Metallic
226	2	nissan	Dark Red Pearl
1917	0	ford	Dark Shadow Gray Clearcoat
24	1	mini	Dark Silver Metallic
274	1	mini	Dark Silver Metallic
1272	1	dodge	Dark Tan Metallic
1088	1	suzuki	Dark Turquoise Green Metallic
2073	2	volvo	Dawn Blue Pearl
633	1	chevrolet	Daytona Blue Metallic
178	1	nissan	Daytona Blue Pearl Metallic
1745	2	audi	Daytona Gray Pearl Effect
300	0	chevrolet	Daytona Yellow
1535	2	audi	Daytonagrau Perleffekt
1452	99	audi	Daytonagrau Perleffekt/Quarzgrau Metallic
2897	0	renault	Deep Black
3318	2	volkswagen	Deep Black Perleffekt
2937	0	volvo	Deep Blue
1297	2	mitsubishi	Deep Blue Pearl
2050	1	honda	Deep Burgundy Metallic
1370	1	plymouth	Deep Burnt Orange Metallic
641	2	chrysler	Deep Cranberry Pearl
335	2	audi	Deep Green Pearl Effect
1998	1	chrysler	Deep Lava Red Metallic
48	2	nissan	Deep Marine Blue Pearl
786	2	nissan	Deep Marine Blue(P)
709	2	dodge	Deep Molten Red Pearl Coat
366	1	toyota	Deep Olive Metallic
110	1	mitsubishi	Deep Pink Metallic
1801	1	daihatsu	Deep Purple Crystal  Metallic
713	1	nissan	Deep Purple Metallic
1155	1	lotus	Deep Purple Metallic
1455	1	lotus	Deep Purple Metallic
946	99	bugatti	Deep Red M / Chocolate M
1550	2	subaru	Deep Red Mica
1183	2	volkswagen	Deepblue Perleffekt
0	99	polyphony	DefaultColor
771	1	audi	Delfingrau Metallic
2694	0	triumph	Delft
1278	0	opel	Delphingrau
245	2	audi	Denim Blue Pearl Effect
2082	1	astonmartin	Derwent Green
85	1	honda	Desert Mist Metallic
1310	1	infiniti	Desert Platinum
163	1	chevrolet	Desert Sand Metallic
445	1	acura	Desert Silver Metallic
2103	2	mercedes	designo magno alanitgrau
2102	2	mercedes	designo mysticweiss 2
3090	0	holden	Devil
2569	1	caterham	Diablo Red
678	1	volkswagen	Diamantsilber
811	2	nissan	Diamond Black (P)
1412	2	volkswagen	Diamond Black Perleffekt
28	1	infiniti	Diamond Graphite
1966	1	infiniti	Diamond Graphite Metallic
40	1	nismo	Diamond Silver Metallic
542	1	audi	Diamond Silver Metallic
1136	1	nissan	Diamond Silver Metallic
756	0	mitsubishi	Diamond White
430	1	dodge	Dk Gunmetal metallic
2660	99	dmc	dmc2660
2341	99	dodge	dodge2341
2633	99	dodge	dodge2633
968	2	audi	Dolomite Grey Pearl Effect
1236	1	audi	Dolphin Gray Metallic
1276	2	vauxhall	Dolphin Grey Pearl
2356	99	dome	dome2356
453	0	mazda	Dover White
1360	0	chevrolet	Dover White
1529	0	mg_mini	Dover White
1670	2	mitsubishi	Dover White Pearl
2541	1	mercedes	Dunkelblau
1920	1	chevrolet	Dusk Blue Metallic
2928	0	jaguar	Ebony
1766	0	hyundai	Ebony Black
271	99	audi	Ebony Black Pearl Effect
325	2	audi	Ebony Black Pearl Effect
3310	1	mini	Eclipse Grey Metallic
1561	2	mitsubishi	Eisen Gray Pearl
2088	1	audi	Eissilber Metallic
775	99	audi	Eissilber Metallic/Apollosilber Metallic
777	99	audi	Eissilber Metallic/Carbon Sigma
964	2	audi	Elder Berry Pearl Effect
1020	1	tesla_motors	Electric Blue
277	1	mini	Electric Blue Metallic
744	1	mercedes	Electric Green
795	0	ford	Electric Orange
903	1	volvo	Electric Silver Metallic
1352	0	honda	Elephant Gray
2856	0	mercedes	Elfenbein
2337	1	hyundai	Elm Green
831	1	astonmartin	Elusive Blue
2558	0	mercedes	Ember Red
2646	0	chevrolet	Ember Red
3358	1	astonmartin	Emerald Green
1365	1	daihatsu	Emerald Green Metallic
1832	1	jaguar	Emerald Metallic
499	2	mazda	Emerald Mica
2684	2	pontiac	Envy
2626	0	callaway	Enzia Blau
556	0	honda	Epoch White
1377	0	chevrolet	Ermine White
1337	1	caterham	Estoril Blue
1679	2	honda	Estoril Turquoise Pearl
1825	1	bmw	Estorilblau Metallic
1660	2	honda	Eternal Blue Pearl
200	0	mazda	Eternal Gray
1340	0	mitsubishi	Etna Yellow
1819	2	vauxhall	Europa Blue Pearl
2466	2	opel	Europablau
1207	1	plymouth	Evening Blue Metallic
1125	0	mitsubishi	Everest Blue
1845	1	honda	Everglade Green Metallic
2470	0	bmw	Evergreen
1842	2	mazda	Evolution Orange Mica
1467	1	lexus	Exceed Blue Metallic
870	99	ferrari	F2008_Rosso
524	0	volkswagen	Fantasiagrün
1160	1	chevrolet	Fathom Blue Metallic
1760	1	chevrolet	Fathom Green Metallic
2518	1	mercury	Fawn
465	1	jensen	Fawn Metallic
960	0	subaru	Feather White
1600	99	ferrari	ferrari1600
2824	99	ferrari	ferrari2824
2825	99	ferrari	ferrari2825
2826	99	ferrari	ferrari2826
2827	99	ferrari	ferrari2827
3042	99	ferrari	ferrari3042
3079	99	ferrari	ferrari3079
137	0	honda	Festival Red
2609	0	mercedes	Feueropal
2951	0	mercedes	Feueropal
2047	0	mercedes	Feuerwehrrot
253	0	opel	Fiftiesgrün
1078	99	bmw	Fire Black
3359	0	astonmartin	Fire Red
3394	0	scion	Firestorm
2763	0	mercedes	Firnweiß
2242	0	nissan	Flame Red
2324	0	mini	Flame Red
2331	0	dodge	Flame Red
2445	0	vauxhall	Flame Red
2454	0	vauxhall	Flame Red
2499	0	honda	Flame Red
1783	2	acura	Flamenco Pearl Black
480	1	nissan	Flare Red Pearl Metallic
2738	0	suzuki	Flash Red
3005	1	toyota	Flash Red
2553	0	volkswagen	Flashrot
1633	1	honda	Flint Black Metallic
2540	1	mercedes	Flintgrau
1435	2	tvr	Flip Flop Yellow
3353	0	volkswagen	Fontana Gray
1589	99	ford	ford1589
2156	99	ford	ford2156
2194	99	ford	ford2194
2231	99	ford	ford2231
2232	99	ford	ford2232
2388	99	ford	ford2388
2583	99	ford	ford2583
2584	99	ford	ford2584
2731	99	ford	ford2731
2733	99	ford	ford2733
2832	99	ford	ford2832
2900	99	ford	ford2900
2917	99	ford	ford2917
2918	99	ford	ford2918
2950	99	ford	ford2950
3185	99	ford	ford3185
1699	1	chevrolet	Forest Green Metallic
1741	0	plymouth	Formal Black
1504	3	tvr	Formula Chameleon Green
131	0	honda	Formula Red
1300	0	acura	Formula Red
501	2	tvr	Formula Red Pearl
797	1	nissan	Fountain Blue (PM)
2964	0	mg_mini	Frame Red
72	2	suzuki	Frankfurt Gray Pearl
2133	0	lexus	Frash Green
368	0	mitsubishi	French Blue
673	0	triumph	French Blue
1907	0	lotus	French Blue
2969	0	subaru	Fresh Blue
1141	1	nissan	Fresh Olive Metallic
1566	1	jaguar	Frost Blue Metallic
42	0	honda	Frost White
1371	1	plymouth	Frosted Teal Metallic
2278	0	pontiac	Frosty
1717	1	nissan	Frosty Gold Metallic
2222	0	mitsubishi	Fuji White
168	0	mazda	Fuoco Giallo
3048	0	tesla_motors	Fusion Red
1883	1	honda	Galapagos Green Metallic
3321	2	toyota	Galaxy Blue Silica
3401	2	subaru	Galaxy Blue Silica
2002	2	mazda	Galaxy Gray Mica
1348	1	mitsubishi	Galaxy Silver
328	2	mitsubishi	Galaxy White Pearl
2067	2	mitsubishi	Galaxy White Pearl
488	1	infiniti	Garnet Fire
2629	0	chevrolet	Garnet Red
496	2	mazda	Garnet Red Mica
2076	2	subaru	Garnet Red Pearl
198	99	mazda	Garnet Red/Pastel Gray
2462	0	opel	Gelb
838	1	astonmartin	Ghillies Green
995	0	lamborghini	Giallo Evros
2843	0	ferrari	Giallo Fly
223	0	fiat	Giallo Ginestra
910	0	fiat	Giallo Ginestra
977	0	lamborghini	Giallo Halys
16	0	ferrari	Giallo Modena
1569	0	ferrari	Giallo Modena
1023	0	lamborghini	Giallo Orion
693	0	fiat	Giallo Positano
2081	0	lamborghini	GIALLO SOLE
1965	0	fiat	Giallo Tufa
1299	1	alfaromeo	Giallozoe metallizzato
2710	99	gillet	gillet2710
3360	2	astonmartin	Glacial Blue
263	1	plymouth	Glacial Blue Metallic
473	0	mercury	Glacier Blue
3087	0	tesla_motors	Glacier Blue
1089	1	lotus	Glacier Blue Metallic
1361	1	chevrolet	Glacier Blue Metallic
2097	2	audi	Glacier Blue Pearl Effect
726	1	mazda	Glacier Silver Metallic
410	0	vauxhall	Glacier White
1873	0	mercedes	Glacier White
2926	0	audi	Glutorange
2665	0	dodge	Go Mango
2276	0	chevrolet	Gobi Beige
1332	1	audi	Gobi Metallic
2469	0	dodge	Gold
2191	5	polyphony	Gold Chrome
1208	1	plymouth	Gold Leaf Metallic
67	1	honda	Gold Metallic
555	1	nissan	Gold Metallic
666	1	toyota	Gold Metallic
1274	1	dodge	Gold Metallic
1405	1	lexus	Gold Metallic
2844	1	ferrari	Gold Poly
435	1	infiniti	Golden Sand Pearl Metallic
411	0	honda	Golden Yellow
825	0	astonmartin	Goodwood Green
1746	2	audi	Goodwood Green Pearl Effect
1771	2	audi	Goodwood Green Pearl Effect
656	1	honda	Gothic Gray Metallic
841	1	ferrari	Gr. Argento
2154	99	ford	Grabber Blue
1599	99	ford	Grabber Green Metallic
1598	99	ford	Grabber Lime
2153	99	ford	Grabber Yellow
696	2	mazda	Grace Green Mica
355	1	mitsubishi	Grace Silver
933	2	subaru	Gran Blue Mica
2085	0	mazda	Gran Turismo Black
3161	1	mercedes	Gran Turismo blau
2087	1	mazda	Gran Turismo Blue Metallic
2086	2	mazda	Gran Turismo Champagne Gold
936	1	mazda	Gran Turismo Green Metallic
934	1	mazda	Gran Turismo Gun Metal Gray
935	0	mazda	Gran Turismo Red
938	1	mazda	Gran Turismo Red Metallic
1531	1	mazda	Gran Turismo Silver
1533	0	mazda	Gran Turismo White
937	2	mazda	Gran Turismo White Pearl
1532	0	mazda	Gran Turismo Yellow
1267	2	honda	Granada Black Pearl
773	2	audi	Granatrot Perleffekt
1522	0	nissan	Grand Prix Maroon
130	0	honda	Grand Prix Red
912	0	nissan	Grand Prix Red
180	0	amuse	Grand Prix White
1108	0	honda	Grand Prix White
1301	0	acura	Grand Prix White
1523	0	nissan	Grand Prix White
1823	1	ford	Graphit-Grau Metallic
1164	1	honda	Graphite Gray Metallic
791	0	dodge	Graphite Grey
1075	99	bmw	Graphite Grey
2053	2	lotus	Graphite Grey
239	1	chrysler	Graphite Metallic
1415	1	dodge	Graphite Metallic
1461	99	dodge	Graphite Metallic/White Stripes
187	2	honda	Graphite Pearl
1487	1	mercedes	Graphitgrau
2083	2	astonmartin	Grasmere Blue
2093	99	bugatti	Gray / Silver Gold M
950	99	bugatti	Gray Gold M / Gray Green M
135	1	toyota	Gray Metallic
292	1	nissan	Gray Metallic
1349	1	nissan	Gray Metallic
1957	1	scion	Gray Metallic
1540	99	bugatti	Gray Metallic / Italien Red
437	1	toyota	Gray Mica Metallic
2095	99	bugatti	Gray Violet M / Violet M
1839	1	toyota	Grayish Blue Metallic
106	2	nissan	Grayish Blue Pearl
233	2	toyota	Grayish Green Mica Metallic
1122	1	honda	Grayish Mauve Metallic
1395	1	daihatsu	Grayish Sepia Metallic
278	0	honda	Greek White
2113	0	honda	Greek White
2419	99	lotus	Green
1126	1	toyota	Green Altia Metallic
2448	0	dodge	Green Go
948	99	bugatti	Green M / Ebony M
1806	1	tommykaira	Green Metallic
1980	1	daihatsu	Green Metallic
2349	2	daihatsu	Green Mica
132	1	toyota	Green Mica Metallic
1977	1	toyota	Green Mica Metallic
735	99	daihatsu	Green Mica/Silver Metallic
1247	99	daihatsu	Green Mica/Silver Metallic
1161	1	chevrolet	Green Mist Metallic
913	2	nissan	Green Pearl
1635	2	nissan	Green Pearl
1989	2	tvr	Green Pearlscent
759	0	proto	Green Stone
1343	2	volkswagen	Greencollection Perleffekt
1318	2	nissan	Greenish Blue Pearl
563	1	toyota	Greenish Yellow Mica Metallic
2359	0	renault	Grenade
1770	1	pontiac	Grenadier Red
2368	0	fiat	Grigio
1632	1	alfaromeo	Grigio Africa Metallizzato
979	1	maserati	Grigio Alfieri
1011	0	ferrari	Grigio Alloy
1619	1	ferrari	Grigio Alloy
1026	1	lamborghini	Grigio Antares
2130	1	lamborghini	Grigio Avlon
242	1	alfaromeo	Grigio Chiaro Metallizzato
991	1	alfaromeo	Grigio Chiaro Metallizzato
1238	1	fiat	Grigio Chiaro Metallizzato
1625	1	alfaromeo	Grigio Diamante
3314	1	lamborghini	Grigio Estoque
1484	1	ferrari	Grigio Ferro
1498	1	ferrari	Grigio Ferro Met
750	1	alfaromeo	Grigio Gonzaga Metallizzato
1803	0	alfaromeo	Grigio Grafite
2106	1	maserati	Grigio Granito
993	1	ferrari	Grigio Ingrid
748	1	alfaromeo	Grigio Lipari Metallizzato
1436	1	alfaromeo	Grigio Luce Di Amalfi Metallizzato
853	0	fiat	Grigio Medio
868	0	ferrari	Grigio Medio
148	1	alfaromeo	Grigio Metallizzato
1201	1	alfaromeo	Grigio Meteora Metallizzato
2015	1	alfaromeo	Grigio Navona
675	1	alfaromeo	Grigio Nettuno Metallizzato
1149	1	alfaromeo	Grigio Platino Metallizzato
2057	0	ferrari	Grigio Scuro
1092	1	ferrari	Grigio Silverstone
2123	1	ferrari	Grigio Silverstone
1191	1	fiat	Grigio Steel Metallizzato
1684	1	alfaromeo	Grigio Sterling Metallizzato
1437	1	alfaromeo	Grigio Stromboli Metallizzato
2128	0	lamborghini	Grigio Telesto
19	1	ferrari	Grigio Titanio
1571	1	ferrari	Grigio Titanio
978	1	maserati	Grigio Touring
1626	1	alfaromeo	Grigio Touring
2332	1	citroen	Grilyne
2535	1	renault	Gris Acier
1228	1	citroen	Gris Aluminium
1725	2	peugeot	Gris Aluminium
2743	2	citroen	Gris Bleu
1351	1	renault	Gris Boreal
2685	1	citroen	Gris Clair
205	1	alfaromeo	Gris Clair Metallizzato
1252	1	peugeot	Gris Cosmos
2599	1	peugeot	Gris Fer
809	2	citroen	Gris Fer Pe
523	1	peugeot	Gris Flandres
305	1	citroen	Gris Fulminator
2354	1	peugeot	Gris Hades
588	2	renault	Gris Hologramme
38	1	renault	Gris Iceberg
306	1	citroen	Gris Iceland
1726	1	peugeot	Gris Iceland
2775	0	seat	Gris luna
754	1	hommell	Gris Metallise
1229	1	citroen	Gris Orageux
1319	1	renault	Gris Pluton
231	1	peugeot	Gris Quartz
572	1	citroen	Gris Quartz
2820	1	peugeot	Gris Shark
586	1	peugeot	Gris Sidobre
707	0	seat	Gris sombra
1786	1	peugeot	Gris Thallium
1936	1	renault	Gris Titane
531	0	suzuki	GSX-R/4 Black
1869	1	suzuki	GSX-R/4 Blue Metallic
1870	0	suzuki	GSX-R/4 Dark Gray
528	1	suzuki	GSX-R/4 Red Metallic
1324	1	suzuki	GSX-R/4 Silver Metallic
530	0	suzuki	GSX-R/4 White
529	1	suzuki	GSX-R/4 Yellow Metallic
3207	5	polyphony	GT CHROME 001-W
3216	5	polyphony	GT CHROME 002-W
3217	5	polyphony	GT CHROME 003-W
3219	5	polyphony	GT CHROME 004-W
3220	5	polyphony	GT CHROME 005-C
3221	5	polyphony	GT CHROME 006-W
3225	5	polyphony	GT CHROME 007-W
3227	5	polyphony	GT CHROME 008-W
3229	5	polyphony	GT CHROME 009-N
3231	5	polyphony	GT CHROME 010-W
3280	0	polyphony	GT FLUORESCENCE 001-C
3282	0	polyphony	GT FLUORESCENCE 002-C
3284	0	polyphony	GT FLUORESCENCE 003-W
3285	0	polyphony	GT FLUORESCENCE 004-W
3287	0	polyphony	GT FLUORESCENCE 005-W
3288	0	polyphony	GT FLUORESCENCE 006-W
3289	0	polyphony	GT FLUORESCENCE 007-W
3290	0	polyphony	GT FLUORESCENCE 008-W
3291	0	polyphony	GT FLUORESCENCE 009-W
3292	0	polyphony	GT FLUORESCENCE 010-W
3232	0	polyphony	GT GREY 001-N
3233	0	polyphony	GT GREY 002-N
3234	0	polyphony	GT GREY 003-N
3235	0	polyphony	GT GREY 004-N
3236	0	polyphony	GT GREY 005-N
3237	0	polyphony	GT GREY 006-N
3239	0	polyphony	GT GREY 007-N
3243	0	polyphony	GT GREY 008-N
3247	0	polyphony	GT GREY 009-N
3248	0	polyphony	GT GREY 010-N
3250	1	polyphony	GT GUNMETAL 001-C
3251	1	polyphony	GT GUNMETAL 002-C
3252	1	polyphony	GT GUNMETAL 003-W
3253	1	polyphony	GT GUNMETAL 004-W
3254	1	polyphony	GT GUNMETAL 005-W
3204	1	polyphony	GT GUNMETAL 006-W
3205	1	polyphony	GT GUNMETAL 007-W
3218	1	polyphony	GT GUNMETAL 008-W
3223	1	polyphony	GT GUNMETAL 009-W
3224	1	polyphony	GT GUNMETAL 010-W
3226	0	polyphony	GT JAPANESE 001-C
3228	5	polyphony	GT JAPANESE 002-C
3230	0	polyphony	GT JAPANESE 003-W
3238	0	polyphony	GT JAPANESE 004-W
3249	1	polyphony	GT JAPANESE 005-W
3240	2	polyphony	GT JAPANESE 006-C
3255	2	polyphony	GT JAPANESE 007-W
3256	2	polyphony	GT JAPANESE 008-W
3257	0	polyphony	GT JAPANESE 009-W
3259	5	polyphony	GT JAPANESE 010-W
3261	1	polyphony	GT METALLIC 001-C
3264	1	polyphony	GT METALLIC 002-C
3266	1	polyphony	GT METALLIC 003-C
3271	1	polyphony	GT METALLIC 004-C
3273	1	polyphony	GT METALLIC 005-W
3274	1	polyphony	GT METALLIC 006-W
3278	1	polyphony	GT METALLIC 007-W
3281	1	polyphony	GT METALLIC 008-W
3283	1	polyphony	GT METALLIC 009-W
3286	1	polyphony	GT METALLIC 010-W
3194	0	polyphony	GT MILITARY 001-C
3195	0	polyphony	GT MILITARY 002-W
3196	0	polyphony	GT MILITARY 003-W
3197	0	polyphony	GT MILITARY 004-W
3198	0	polyphony	GT MILITARY 005-W
3199	0	polyphony	GT MILITARY 006-W
3200	0	polyphony	GT MILITARY 007-W
3201	0	polyphony	GT MILITARY 008-W
3202	0	polyphony	GT MILITARY 009-W
3203	0	polyphony	GT MILITARY 010-C
3206	0	polyphony	GT OLD GENERATION 001-W
3208	0	polyphony	GT OLD GENERATION 002-W
3209	0	polyphony	GT OLD GENERATION 003-W
3210	0	polyphony	GT OLD GENERATION 004-W
3211	0	polyphony	GT OLD GENERATION 005-W
3212	0	polyphony	GT OLD GENERATION 006-W
3213	0	polyphony	GT OLD GENERATION 007-W
3193	0	polyphony	GT OLD GENERATION 008-C
3214	0	polyphony	GT OLD GENERATION 009-C
3215	0	polyphony	GT OLD GENERATION 010-C
3241	0	polyphony	GT PASTELTONE 001-C
3242	0	polyphony	GT PASTELTONE 002-C
3244	0	polyphony	GT PASTELTONE 003-W
3245	0	polyphony	GT PASTELTONE 004-W
3246	0	polyphony	GT PASTELTONE 005-W
3222	0	polyphony	GT PASTELTONE 006-W
3258	0	polyphony	GT PASTELTONE 007-C
3260	0	polyphony	GT PASTELTONE 008-W
3262	0	polyphony	GT PASTELTONE 009-W
3263	0	polyphony	GT PASTELTONE 010-W
3265	3	polyphony	GT POLARIZED 001-P
3267	3	polyphony	GT POLARIZED 002-P
3268	3	polyphony	GT POLARIZED 003-P
3269	3	polyphony	GT POLARIZED 004-P
3270	3	polyphony	GT POLARIZED 005-P
3272	3	polyphony	GT POLARIZED 006-P
3275	3	polyphony	GT POLARIZED 007-P
3276	3	polyphony	GT POLARIZED 008-P
3277	3	polyphony	GT POLARIZED 009-P
3279	3	polyphony	GT POLARIZED 010-P
698	1	ac	Guardsman Blue
3108	1	shelby	Guardsman Blue
3109	99	shelby	Guardsman Blue
361	0	shelby	Guardsman Blue Poly
1234	1	pontiac	Gulfstream Aqua
1701	99	nissan	Gun Gray / Black
1221	1	nismo	Gun Gray Metallic
1609	1	nissan	Gun Gray Metallic
1663	1	nissan	Gun Gray Metallic
714	1	nissan	Gun Gray Pearl (M)
282	1	lotus	Gunmetal Metallic
1775	1	mitsubishi	Hamilton Silver Metalic
3361	1	astonmartin	Hammerhead Silver
3362	2	astonmartin	Hardly Green
2310	1	bmw	Havanna
290	1	mini	Hawaiian Blue Metallic
1538	99	bugatti	Hazelnut M / Walnut M
1878	1	audi	Helios Blue Metallic
2855	0	mercedes	Hellblau
2802	0	bmw	Hellrot
1813	0	dodge	Hemi-Orange
1519	0	dodge	HEMI® Orange
2993	99	hep	hep2993
3008	99	hep	hep3008
3009	99	hep	hep3009
3010	99	hep	hep3010
3011	99	hep	hep3011
3012	99	hep	hep3012
3013	99	hep	hep3013
3014	99	hep	hep3014
405	1	dodge	Heritage Gold Metallic
3097	0	holden	Heron
1849	2	audi	Hibiscus Red Pearl
210	99	toyota	High Flash Two-Tone
280	99	toyota	High Metal Two-Tone
1188	99	toyota	High-Tech Two-Tone
1497	2	mazda	Highland Green Mika
456	1	mazda	Highlight Silver Metallic
1894	0	mitsubishi	Himalayan Blue
1014	99	bmw	Historic Orange
2861	99	hks	hks2861
2948	99	hks	hks2948
444	2	honda	Hockenheim Green Pearl
2166	99	honda	honda2166
2235	99	honda	honda2235
2346	99	honda	honda2346
2406	99	honda	honda2406
2407	99	honda	honda2407
2431	99	honda	honda2431
2432	99	honda	honda2432
2433	99	honda	honda2433
2496	99	honda	honda2496
2497	99	honda	honda2497
2522	99	honda	honda2522
2526	99	honda	honda2526
2529	99	honda	honda2529
2530	99	honda	honda2530
2532	99	honda	honda2532
2533	99	honda	honda2533
2534	99	honda	honda2534
2603	99	honda	honda2603
2630	99	honda	honda2630
3030	99	honda	honda3030
3050	99	honda	honda3050
3051	99	honda	honda3051
3052	99	honda	honda3052
3164	99	honda	honda3164
3398	99	honda	honda3398
1636	0	mazda	Honey Yellow
1045	2	honda	Horizon Turquoise Pearl
3307	1	mini	Hot Chocolate Metallic
3391	1	scion	Hot Lava
2783	99	hpa	hpa2783
3172	99	hpa	hpa3172
1362	0	chevrolet	Hugger Orange
1727	0	nissan	Hydrangea Blue
1621	1	mini	Hyper Blue Metallic
2381	99	hyundai	hyundai2381
2653	99	hyundai	hyundai2653
1259	1	mitsubishi	I Concept Purple
2796	0	audi	Ibisweiß
1454	99	audi	Ibisweiß/Eissilber Metallic
3304	0	mini	Ice Blue
283	1	lotus	Ice Blue Metallic
1372	1	plymouth	Ice Blue Metallic
1379	1	honda	Ice Blue Metallic
1073	99	bmw	Ice Silver
2888	2	lotus	Ice White
2932	0	volvo	Ice White
490	1	honda	Iceberg Silver Metallic
1071	1	toyota	Iceberg Silver Mica Metallic
745	1	tvr	Iced Teal Metallic
728	1	nissan	Iceland Gray Metallic
614	2	acura	Imola Orange Pearl
1678	2	honda	Imola Orange Pearl
1237	0	audi	Imola Yellow
2927	0	audi	Imolagelb
2607	0	bmw	Imolarot
467	0	nissan	Imperial Blue
1269	0	ford	Imperial Blue
982	1	chevrolet	Imperial Blue Metallic
1040	99	chevrolet	Imperial Blue Metallic Cyber Gray Hood and Hockey Stripe
2140	99	chevrolet	Imperial Blue Metallic Cyber Gray Stripe
565	1	lotus	Imperial Green Metallic
2061	0	jaguar	Imperial Maroon
643	1	mitsubishi	Imperial Red
720	1	ford	Imperial-Blue metallic
1419	1	mercedes	Imperialrot
1863	1	pontiac	Impulse Blue Metallic
3093	1	holden	Impulse Metallic
2643	0	plymouth	In-Violet
1742	1	plymouth	In-Violet Metallic
642	2	chrysler	Inca Gold Pearl Coat
1747	1	mini	Indi Blue Metallic
2468	0	ford	India-Gelb
2823	1	jaguar	Indigo
2063	2	jaguar	Indigo Blue
329	2	mitsubishi	Indigo Blue Pearl
1652	2	honda	Indigo Blue Pearl
1810	1	dodge	Indigo Metallic
2119	1	jaguar	Indigo Metallic
201	2	volkswagen	Indigoblau Perleffekt
1882	2	honda	Indy Gelb Pearl
2675	0	eagle	Indy Red
84	2	honda	Indy Yellow Pearl
2108	1	chevrolet	Inferno Orange Metallic
1043	99	chevrolet	Inferno Orange Metallic White Hood and Hockey Stripe
2142	99	chevrolet	Inferno Orange Metallic White Stripe
1381	2	chrysler	Inferno Red Tinted Pearl Coat
3114	99	infiniti	infiniti3114
1835	2	mazda	Innocent Blue Mica
596	1	bmw	Interlagos Blau Metallic
1305	1	mercury	Inverness Green
1552	1	mercedes	Iridiumsilber
849	1	mercedes	Iridiumsilber metallic
273	2	mitsubishi	Iris Blue Pearl
1378	2	honda	Iris Red Pearl
609	1	honda	Iron Blue Metallic
2765	0	nissan	Isca Blue
2055	0	lotus	Isotope Green
1087	2	mitsubishi	Issel Blue Pearl
1714	2	mitsubishi	Issel Blue Pearl
2862	99	isuzu	isuzu2862
1441	0	proto	Italian Red
2662	0	nissan	Ivory Mist
486	2	infiniti	Ivory Pearl
1624	2	infiniti	Ivory Pearl
194	0	nissan	Ivory White
1580	0	lexus	Ivory White
1905	0	honda	Ivory White
2451	2	mitsubishi	Ivy Green
3112	0	shelby	Ivy Green
3113	99	shelby	Ivy Green
628	1	plymouth	Ivy Green Metallic
634	1	chevrolet	Ivy Green Metallic
1718	1	toyota	Jade Green Mica Metallic
827	1	jaguar	Jaguar Racing Green
1253	1	jaguar	Jaguar Racing Green Metallic
1058	99	jaguar	jaguar1058
2416	99	jaguar	jaguar2416
2787	99	jaguar	jaguar2787
3165	99	jaguar	jaguar3165
3389	99	jaguar	jaguar3389
621	1	plymouth	Jamaica Blue Metallic
729	1	nissan	Jamaican Beige Metallic
1304	0	mercury	Jamaican Yellow
1902	0	mitsubishi	Jannu Yellow
2299	0	bmw	Japanrot
2228	2	mercedes	Jaspisblau
212	0	peugeot	Jaune Genêt
1344	1	citroen	Jaune Heliodor
1979	0	hommell	Jaune Italien
727	1	hommell	Jaune Orange
216	1	peugeot	Jaune Persépolis
1520	0	renault	Jaune Tournesol
1923	0	daihatsu	Jaune Yellow
2691	0	triumph	Java
3350	0	volkswagen	Java Green
2745	99	jayleno	jayleno2745
763	0	hyundai	Jazz Orange
1761	2	volkswagen	Jazzblue Perleffekt
2031	1	bmw	Jerez Schwarz Metallic
2492	0	hyundai	Jet Black
2818	0	astonmartin	Jet Black
2945	0	cizeta	Jet Black
3047	0	tesla_motors	Jet Black
1017	99	bmw	Jet Black Metallic
2732	2	audi	Jet Blue
1792	1	nissan	Jet Silver Metallic
942	1	audi	Jetblau Metallic
2009	99	audi	Jetblau Metallic/Eissilber Metallic
919	1	chevrolet	Jetstream Blue Metallic Tintcoat
1328	1	mercedes	Jungle Green
2778	1	mazda	K2RED
558	1	mitsubishi	Kaiser Silver
129	1	honda	Kaiser Silver Metallic
472	1	acura	Kaiser Silver Metallic
1493	1	honda	Kaiser Silver Metallic
117	0	mitsubishi	Kalapana Black
1464	0	bmw	Karmesinrot
2024	1	bmw	Kaschmirsilber Metallic
560	0	mitsubishi	Kenya Orange
1386	2	mitsubishi	Kilder Green Pearl
2781	0	volkswagen	Kirschrot
2245	1	nissan	Kiwi
770	1	audi	Kondorgrau Metallic
803	1	bmw	Kristallblau Metallic
409	2	vauxhall	Krypton Green
1736	2	opel	Kryptongrün Mineraleffekt
1568	1	jaguar	Kyanite Blue Metallic
1119	0	lotus	Lagoon Blue
1258	1	ginetta	Lagoon Blue
1909	0	bmw	Lagunaseca Blau
436	1	suzuki	Lake Blue Metallic
36	1	nissan	Lakeshore Blue (M)
29	1	infiniti	Lakeshore Slate
1082	99	lamborghini	lamborghini1082
2168	99	lamborghini	lamborghini2168
3049	99	lamborghini	lamborghini3049
2450	0	mitsubishi	Lamp Black
2290	0	mitsubishi	Lance Blue
1721	0	autobianchi	Lancia Blue
1858	0	lancia	Lancia Dark Blue
2380	99	lancia	lancia2380
2382	99	lancia	lancia2382
2417	99	lancia	lancia2417
2913	99	landrover	landrover2913
2135	2	lexus	Lapis Lazuli
2887	1	lotus	Laser Blue
971	1	mini	Laser Blue Metallic
1751	1	lotus	Laser Blue Metallic
1518	2	volkswagen	Laser Blue Perleffekt
2205	0	infiniti	Laser Red
2520	0	audi	Laser Red
2716	0	infiniti	Laser Red
630	1	chevrolet	Laurel Green Metallic
394	2	honda	Lausanne Green Pearl
2279	0	pontiac	Lava
331	2	audi	Lava Gray Pearl Effect
284	2	lotus	Lava Orange Pearlescent
2089	2	audi	Lavagrau Perleffekt
1584	99	audi	Lavagrau Perleffekt/Quarzgrau Metallic
3062	0	lexus	Lavender
505	1	suzuki	Lavender Metallic
1915	0	mercedes	Lazulithblau
768	1	chevrolet	Le Mans Blue Metallic
847	1	chevrolet	Le Mans Blue With Red And Silver Striping
601	2	vauxhall	Le Mans Green
1528	0	mg_mini	Le Mans Green
575	1	ford	Legend Lime Clearcoat Metallic
301	1	chevrolet	LeMans Blue Metallic
177	1	nissan	Lemans Sunset Pearl Metallic
1987	0	opel	LeMans-Grün
623	0	plymouth	Lemon Twist
2472	0	volkswagen	Lemongelb
1597	99	lexus	lexus1597
2789	99	lexus	lexus2789
2857	99	lexus	lexus2857
2997	99	lexus	lexus2997
3044	99	lexus	lexus3044
3045	99	lexus	lexus3045
3046	99	lexus	lexus3046
2698	0	volkswagen	Lhasa
1331	1	audi	Lhasa Metallic
2006	1	audi	Lichtsilber Metallic
710	1	dodge	Light Almond Pearl Metallic
703	1	toyota	Light Aqua Metallic
1865	1	toyota	Light Aqua Metallic Opal
365	1	toyota	Light Beige
2423	99	lotus	Light Blue
949	99	bugatti	Light Blue Green M / Dark Blue Green M
945	99	bugatti	Light Blue M / Gray Blue M
583	1	nissan	Light Blue Metallic
902	1	volvo	Light Blue Metallic
1666	1	mitsubishi	Light Blue Metallic
1809	1	dodge	Light Blue Metallic
2110	99	toyota	Light Blue Metallic
1314	1	toyota	Light Blue Mica Metallic
1848	1	nissan	Light Blue Titan Metallic
731	1	nissan	Light Brown Metallic
3338	0	mini	Light Coffee
3375	99	mini	Light Coffee/White stripes
2315	1	plymouth	Light Gold
2092	99	bugatti	Light Gold M / Silver M
385	1	mitsubishi	Light Gold Metallic
1388	1	dodge	Light Gold Metallic
422	1	nissan	Light Gray Metallic
370	99	lotus	Light Green
2091	99	bugatti	Light Green M / Dark Green M
111	1	mitsubishi	Light Green Metallic
341	1	toyota	Light Green Metallic
651	1	dodge	Light Green Metallic
396	1	dodge	Light Gunmetal Metallic
159	1	toyota	Light Khaki Graphite Mica Metallic
1062	99	ford	Light Pewter Metallic
1249	1	chevrolet	Light Pewter Metallic
3004	99	toyota	Light Red
2090	99	bugatti	Light Red M / Dark Red M
1857	1	mazda	Light Sandalwood Metallic
1674	0	honda	Light Scarlet
322	1	audi	Light Silver Metallic
959	1	subaru	Light Silver Metallic
653	1	dodge	Light Turquoise Metallic
3335	0	mini	Light White
3383	99	mini	Light White/Black stripes
1798	99	lotus	Light Yellow
1551	1	mini	Lightning Blue Metallic
2023	2	mitsubishi	Lightning Blue Mica
806	0	subaru	Lightning Red
3324	0	toyota	Lightning Red
3363	1	astonmartin	Lightning Silver
68	0	honda	Lightning Yellow
334	0	nismo	Lightning Yellow
375	0	nissan	Lightning Yellow
1637	0	mazda	Lightning Yellow
285	2	lotus	Lightning Yellow Pearlescent
799	1	mazda	Lilac Silver Metallic
2517	1	mercury	Lime Frost
3064	0	lexus	Lime Green
1172	1	amuse	Lime Green Metallic
1505	1	honda	Lime Green Metallic
1639	1	honda	Lime Green Metallic
1929	1	plymouth	Lime Green Metallic
986	99	toyota	Lime Green Pearl
1807	99	nissan	Lime Green Two-Tone
2641	0	plymouth	Lime Light
1347	1	mercedes	Linari Blau
2051	2	lotus	Liquid Blue
27	1	infiniti	Liquid Platinum
1440	1	mitsubishi	Liquid Silver
2118	1	jaguar	Liquid Silver Metallic
1748	0	mini	Liquid Yellow
2587	99	lister	lister2587
2721	1	ac	Live Oak
1114	2	suzuki	London Green Pearl
604	2	honda	Long Beach Blue Pearl
615	2	acura	Long Beach Blue Pearl
152	1	lotus	Lotus Racing Green Metallic
2012	1	lotus	Lotus Racing Green Metallic
1649	0	lotus	Lotus Yellow
1971	0	ginetta	Lotus Yellow
425	1	ford	Lugano-Blau Metallic
1676	1	nissan	Luminous Red Metallic
762	1	audi	Luna Silver
2020	1	nissan	Lunamare Silver (TPM)
1000	1	jaguar	Lunar Grey Metallic
199	99	mazda	Lyon Blue/Pastel Gray
1316	0	tvr	Macao Yellow
856	1	chevrolet	Machine Silver
2003	1	chevrolet	Machine Silver Metallic
3387	0	astonmartin	Madagascar Orange
448	1	jaguar	Madeira Metallic
3364	1	astonmartin	Magma Red
2224	0	mercedes	Magmarot
2308	0	opel	Magmarot
760	2	chrysler	Magnesium Pearl
2116	99	bmw	Magnesium Silver
12	1	lotus	Magnetic Blue Metallic
321	0	isuzu	Magnolia White
128	2	honda	Magnum Gray Pearl
2746	1	mercedes	Malachit
2017	1	bmw	Maledivenblau Metallic
1527	0	astonmartin	Malham White
2464	2	opel	Mandarin
1818	2	vauxhall	Mandarin Pearl
733	0	nissan	Mantova Ivory
2690	0	triumph	Maple
380	1	isuzu	Maple Orange
669	1	daihatsu	Maple Red Mica Metallic
1447	0	mazda	Marble White
3365	1	astonmartin	Mariana Blue
354	2	mitsubishi	Mariana Blue Pearl
317	0	pontiac	Marimba Red
1376	1	chevrolet	Marine Aqua Metallic
99	0	mazda	Mariner Blue
818	0	ford	Mark II Black
358	0	ford	Mark II Black Clearcoat
1476	99	ford	Mark II Black/Bodyside Stripes
2035	99	ford	Mark II Black/Racing Stripes
821	0	ford	Mark IV Red
1255	0	ford	Mark IV Red Clearcoat
1478	99	ford	Mark IV Red/Bodyside Stripes
822	99	ford	Mark IV Red/Racing Stripes
2124	99	bmw	Marlboro White
3102	0	shelby	Maroon
3103	99	shelby	Maroon
3388	1	astonmartin	Marron Black
2845	0	ferrari	Marrone
3316	4	lamborghini	Marrone Apus
2564	0	audi	Mars Red
2734	0	ginetta	Mars Red
2696	0	volkswagen	Marsrot
3006	99	toyota	Mat Black
3068	4	lexus	Matt Black
2169	4	polyphony	Matte Black
2181	4	polyphony	Matte Blue
3089	4	polyphony	Matte Brown
2182	4	polyphony	Matte Dark Blue
2173	4	polyphony	Matte Dark Gray
2187	4	polyphony	Matte Dark Green
2178	4	polyphony	Matte Dark Red
2176	4	polyphony	Matte Dark Silver
2172	4	polyphony	Matte Gray
2186	4	polyphony	Matte Green
2180	4	polyphony	Matte Light Blue
2171	4	polyphony	Matte Light Gray
2185	4	polyphony	Matte Light Green
2177	4	polyphony	Matte Light Red
2174	4	polyphony	Matte Light Silver
2183	4	polyphony	Matte Orange
2189	4	polyphony	Matte Pink
2188	4	polyphony	Matte Purple
2179	4	polyphony	Matte Red
2175	4	polyphony	Matte Silver
2170	4	polyphony	Matte White
2184	4	polyphony	Matte Yellow
478	1	isuzu	Matterhorn Silver Metallic
1240	2	audi	Mauritius Blue Pearl Effect
772	2	audi	Mauritiusblau Perleffekt
603	2	callaway	Mauritus Blau Mica
2072	2	volvo	Maya Yellow Pearl
2223	99	mazda	mazda2223
2434	99	mazda	mazda2434
2458	99	mazda	mazda2458
2495	99	mazda	mazda2495
2737	99	mazda	mazda2737
2970	99	mazda	mazda2970
3018	99	mazda	mazda3018
3019	99	mazda	mazda3019
3020	99	mazda	mazda3020
3021	99	mazda	mazda3021
3022	99	mazda	mazda3022
3023	99	mazda	mazda3023
3024	99	mazda	mazda3024
3174	99	mazda	mazda3174
1564	3	toyota	Maziora Andromeda
1004	3	toyota	Maziora AndromedaⅡ
1563	3	toyota	Maziora Everest
1006	3	toyota	Maziora Matterhorn
2117	3	toyota	Maziora Mazeran
997	3	toyota	Maziora McKenley
1005	3	toyota	Maziora PlreadesⅡ
2120	3	toyota	Maziora Seyfert
998	3	toyota	Maziora Trapezium
1641	0	honda	McKinley White
1076	99	bmw	McLaren Orange
687	1	lexus	Medium Beige Metallic
1673	1	toyota	Medium Beige Metallic
546	1	toyota	Medium Gray Metallic
399	1	dodge	Medium Green metallic
149	2	mitsubishi	Medium Purple Mica
145	2	mitsubishi	Medium Purplish Grey Mica
296	1	chevrolet	Medium Quasar Blue Metallic
2058	1	toyota	Medium Silver Metallic
1341	1	toyota	Medium Turquoise Metallic
1064	99	ford	Medium Yellow Gold
517	1	mercedes	Melanitschwarz
812	1	bmw	Melbourne Rot Metallic
970	0	mini	Mello Yellow
1016	99	bmw	Mercedes Brilliant Silver
1065	99	mercedes	mercedes1065
2386	99	mercedes	mercedes2386
2402	99	mercedes	mercedes2402
2920	99	mercedes	mercedes2920
3036	99	mercedes	mercedes3036
2898	1	renault	Mercury
1077	99	bmw	Mercury Red
835	1	astonmartin	Mercury Silver
9	1	suzuki	Mercury Silver Metallic
784	1	suzuki	Mercury Silver Metallic
2510	2	nissan	Merlot
2830	0	astonmartin	Merlot Red
788	1	bmw	Merlotrot Metallic
1053	99	polyphony	metalic_blue
207	1	autobianchi	Metalized Dark Gray
1185	1	autobianchi	Metalized Gray
1722	1	autobianchi	Metalized Pale Blue
1027	1	lexus	Metallic Silver
3327	2	nissan	Meteor Flake Black Pearl (2P)
538	1	mercedes	Meteor Grey
86	1	honda	Meteor Silver Metallic
1506	2	audi	Meteorgrau Perleffekt
447	1	jaguar	Meteorite Metallic
2039	1	astonmartin	Meteorite Silver
1822	1	ford	Metropolis-Blau Metallic
700	0	marcos	Mid Chrome Yellow
2929	0	jaguar	Midnight
3305	1	mini	Midnight Black Metallic
940	2	subaru	Midnight Black Mica
2038	1	astonmartin	Midnight Blue
357	1	ford	Midnight Blue Clearcoat Metallic
817	1	ford	Midnight Blue Metallic
1475	99	ford	Midnight Blue Metallic/Bodyside Stripes
2034	99	ford	Midnight Blue Metallic/Racing Stripes
1444	2	chrysler	Midnight Blue Pearl
2026	2	subaru	Midnight Blue Pearl
1144	2	honda	Midnight Pearl
1800	1	nissan	Midnight Purple II
378	1	nissan	Midnight Purple III
1254	2	nissan	Midnight Purple Pearl
787	2	nissan	Midnight Purple(P)
1644	2	suzuki	Milan Red Pearl
2199	0	honda	Milano Red
2213	0	honda	Milano Red
2493	0	acura	Milano Red
845	1	mines	Millennium Jade (M)
1132	1	nissan	Millennium Jade (M)
498	2	mazda	Millennium Red Mica
373	0	chevrolet	Millennium Yellow
917	0	chevrolet	Millennium Yellow
2687	0	triumph	Mimosa
1898	1	ford	Mineral Grey Clearcoat Metallic
734	1	audi	Mineral Grey Metallic
1993	1	mercedes	Mineralgrün
324	2	audi	Ming Blue Pearl Effect
504	1	suzuki	Mint Green Metallic
100	1	honda	Mint Opal Metallic
886	99	audi	Misano Red Pearl Effect
1213	2	audi	Misano Red Pearl Effect
3083	99	audi	Misanorot Perleffekt
3060	0	lexus	Mist Green
2910	0	jaguar	Mist Grey
1411	1	ac	Mist Silver
898	1	volvo	Mistral Green Metallic
1831	1	jaguar	Mistral Metallic
51	1	mazda	Misty Blue Metallic
164	1	chevrolet	Misty Turquoise Metallic
2165	99	mitsubishi	mitsubishi2165
2383	99	mitsubishi	mitsubishi2383
2390	99	mitsubishi	mitsubishi2390
2391	99	mitsubishi	mitsubishi2391
2392	99	mitsubishi	mitsubishi2392
2393	99	mitsubishi	mitsubishi2393
2394	99	mitsubishi	mitsubishi2394
2395	99	mitsubishi	mitsubishi2395
2396	99	mitsubishi	mitsubishi2396
2412	99	mitsubishi	mitsubishi2412
2471	99	mitsubishi	mitsubishi2471
2479	99	mitsubishi	mitsubishi2479
2480	99	mitsubishi	mitsubishi2480
2523	99	mitsubishi	mitsubishi2523
2596	99	mitsubishi	mitsubishi2596
2756	99	mitsubishi	mitsubishi2756
2757	99	mitsubishi	mitsubishi2757
2916	99	mitsubishi	mitsubishi2916
482	2	audi	Mocha Brown Pearl
3015	1	fiat	Mod Blue
548	1	mazda	Moist Silver Metallic
1479	0	astonmartin	Monaco Blue
1946	0	suzuki	Monaco Blue
632	1	chevrolet	Monaco Blue Metallic
73	2	suzuki	Monaco Blue Pearl
302	0	chevrolet	Monaco Orange
2654	0	mitsubishi	Monaco Red
134	0	lotus	Monaco White
782	0	lotus	Monaco White
1466	1	bmw	Monacoblau Metallic
1855	1	bmw	Monacoblau Metallic
127	2	honda	Monte Carlo Blue Pearl
649	2	spoon	Monte Carlo Blue Pearl
1844	2	acura	Monte Carlo Blue Pearl
1876	2	mazda	Montego Blue Mica
1465	1	bmw	Montegoblau Metallic
1470	1	nissan	Monterey Blue (CPM)
1668	2	nissan	Monterey Blue Pearl Metallic
1785	1	chevrolet	Monterey Maroon Metallic
3082	2	audi	Monterreygrün Perleffekt
776	99	audi	Monterreygrün Perleffekt/Tiefgrün Perleffekt
2329	0	chevrolet	Monza Red
2528	0	lancia	Monza Red
61	2	honda	Monza Red Pearl
1711	2	amuse	Monza Red Pearl
2164	1	audi	Monzasilber Metallic
1209	1	plymouth	Mood Indigo Metallic
181	1	amuse	Moon Rock Metallic
1109	1	honda	Moon Rock Metallic
2550	1	peugeot	Moon Stone
2624	1	vauxhall	Moonland
1734	1	opel	Moonland Metallic
742	0	opel	Moonlandgrau
1939	1	mitsubishi	Moonlight Blue
1874	1	mercedes	Moonlight Silver
202	2	volkswagen	Moonlightblue Perleffekt
172	1	tvr	Moonraker Black Metallic
758	0	proto	Morning Blue
3366	2	astonmartin	Morning Frost White
1778	2	audi	Moro Blue Pearl Effect
2098	2	audi	Moro Blue Pearl Effect
208	0	autobianchi	Morocco Beige
3066	0	lexus	Moss Green
1824	1	dodge	Moss Green Metallic
620	0	plymouth	Moulin Rouge
270	2	audi	Mugello Blue Pearl Effect
3080	2	audi	Mugelloblau Perleffekt
2010	99	audi	Mugelloblau Perleffekt/Nachtblau Perleffekt
2699	99	mugen	mugen2699
2700	99	mugen	mugen2700
2701	99	mugen	mugen2701
2702	99	mugen	mugen2702
2703	99	mugen	mugen2703
2704	99	mugen	mugen2704
2705	99	mugen	mugen2705
1115	2	suzuki	Munich Silver Pearl
2099	2	audi	Murano Green Pearl Effect
569	2	volkswagen	Muranorot Perleffekt
2718	1	ac	Mushroom
2501	1	jensen	Mustard
1549	2	subaru	Mustard Mica
153	0	lotus	Mustard Yellow
1456	0	lotus	Mustard Yellow
1950	0	daihatsu	Mustard Yellow
1719	99	mazda	Myrtle Green/Pastel Gray
832	2	suzuki	Mysterious Violet Pearl
312	1	hyundai	Mystic Teal
442	1	hyundai	Mystic Teal
295	1	chevrolet	Mystic Teal Metallic
1354	1	bmw	Mysticblau Metallic
1860	0	suzuki	Naples Yellow
719	1	mercedes	Nautik Blau
2314	0	bmw	Nautikblau
1156	1	lotus	Nautilus Blue Metallic
2013	1	lotus	Nautilus Blue Metallic
1248	1	chevrolet	Navy Blue Metallic
272	2	mitsubishi	Nayez Blue Pearl
1413	0	seat	Negro ebano
738	0	seat	Negro magico
2562	0	mazda	Neo Green
421	2	vauxhall	Nepal Yellow
254	1	opel	Nepalgelb Mineraleffekt
427	1	ford	Neptun-Grun Metallic
2280	0	pontiac	Neptune
2198	0	ferrari	Nero
2208	0	alfaromeo	Nero
2345	0	fiat	Nero
2991	0	maserati	Nero
3040	0	ferrari	Nero
1562	0	lamborghini	Nero Aldebaran
32	1	alfaromeo	Nero Carbonio
980	1	maserati	Nero Carbonio
3160	0	ferrari	Nero Daytona
1013	0	ferrari	Nero Daytona WB
1093	0	ferrari	Nero Daytona WB
241	0	alfaromeo	Nero Donatello
2114	0	alfaromeo	Nero Donatello
142	1	alfaromeo	Nero Fuoco Metallizzato
2016	1	alfaromeo	Nero Jarama
1438	1	alfaromeo	Nero Jarama Metallizzato
1990	0	alfaromeo	Nero Kyalami
2240	2	alfaromeo	Nero Luxor
147	1	alfaromeo	Nero Metallizzato
3313	4	lamborghini	Nero Nemesis
2104	0	lamborghini	Nero Noctis
1025	0	lamborghini	Nero Pegaso
1731	1	fiat	Nero Seta Metallizzato
921	0	lamborghini	NERO TENEBRE
126	2	honda	Neutron White Pearl
154	1	lotus	New Aluminium Metallic
783	1	lotus	New Aluminium Metallic
1173	0	amuse	New Formula Red
1368	0	acura	New Formula Red
1640	0	honda	New Formula Red
62	2	honda	New Imola Orange Pearl
182	2	amuse	New Imola Orange Pearl
183	2	amuse	New Indy Yellow Pearl
1651	2	honda	New Indy Yellow Pearl
1339	1	mitsubishi	New Italian Silver
166	0	honda	New Polar White
533	0	toyota	New Sherwood Toning
1645	2	suzuki	Nice Yellow Pearl
1613	1	lotus	Nightfall Blue Metallic
2163	1	lotus	Nightfall Blue Metallic
930	0	mg_mini	Nightfire Red
287	2	mini	Nightfire Red Pearl
6	2	honda	Nighthawk Black Pearl
209	2	acura	Nighthawk Black Pearl
1123	2	honda	Nighthawk Black Pearl
521	0	chevrolet	Nippon Poppy Red
2593	99	nismo	nismo2593
2601	99	nismo	nismo2601
1046	99	nissan	nissan1046
2210	99	nissan	nissan2210
2248	99	nissan	nissan2248
2249	99	nissan	nissan2249
2250	99	nissan	nissan2250
2251	99	nissan	nissan2251
2252	99	nissan	nissan2252
2253	99	nissan	nissan2253
2254	99	nissan	nissan2254
2255	99	nissan	nissan2255
2256	99	nissan	nissan2256
2257	99	nissan	nissan2257
2258	99	nissan	nissan2258
2259	99	nissan	nissan2259
2371	99	nissan	nissan2371
2398	99	nissan	nissan2398
2435	99	nissan	nissan2435
2477	99	nissan	nissan2477
2478	99	nissan	nissan2478
2549	99	nissan	nissan2549
2554	99	nissan	nissan2554
2555	99	nissan	nissan2555
2557	99	nissan	nissan2557
2567	99	nissan	nissan2567
2592	99	nissan	nissan2592
2714	99	nissan	nissan2714
2730	99	nissan	nissan2730
2758	99	nissan	nissan2758
2759	99	nissan	nissan2759
2797	99	nissan	nissan2797
2800	99	nissan	nissan2800
2922	99	nissan	nissan2922
2923	99	nissan	nissan2923
2924	99	nissan	nissan2924
2925	99	nissan	nissan2925
2949	99	nissan	nissan2949
2955	99	nissan	nissan2955
2956	99	nissan	nissan2956
2990	99	nissan	nissan2990
2996	99	nissan	nissan2996
3002	99	nissan	nissan3002
3029	99	nissan	nissan3029
3167	99	nissan	nissan3167
3179	99	nissan	nissan3179
3192	99	nissan	nissan3192
3403	0	nissan	nissan3403
1713	2	honda	Noble Green Pearl
1231	0	hyundai	Noble White
1769	0	pontiac	Nocturne Blue
1816	2	vauxhall	Nocturno Blue
1198	2	opel	Nocturno Blue Mica
1737	2	opel	Nocturnoblau Mineraleffekt
1772	2	audi	Nogaro Blue Pearl Effect
2211	0	renault	Noir Nacre
2442	0	renault	Noir Nacre
1913	0	renault	Noir Nacre Dore
511	1	renault	Noir Nocturne
1469	1	citroen	Noir Obsidian Pe
585	0	peugeot	Noir Obsidien
2296	0	peugeot	Noir Onyx
2333	0	citroen	Noir Onyx
2742	0	citroen	Noir Verni
57	2	mazda	Nordic Green Mica
21	0	ferrari	Nuovo Blu Pozzi
1573	0	ferrari	Nuovo Blu Pozzi
1091	1	ferrari	Nuovo Grigio Ingrid
2122	1	ferrari	Nuovo Grigio Ingrid
1110	1	honda	Nurburgring Blue Metallic
1174	1	amuse	Nurburgring Blue Metallic
2748	1	mercedes	Nutria
463	0	jensen	Oakland Green
536	0	mercedes	Oasis Green
121	2	subaru	Obsidian Black Pearl
974	0	mercedes	obsidianschwarz
1129	0	mercedes	Obsidianschwarz
2048	1	mercedes	Obsidianschwarz metallic
2559	2	mercedes	Ocean Blue
1996	2	mitsubishi	Oceana Green Pearl
570	2	volkswagen	Oceanicgrün Perleffekt
610	2	daihatsu	Off Black Mica
2728	0	ac	Off White
1090	0	lotus	Old English White
2621	0	nissan	Olive Gray
244	2	audi	Olive Green Pearl Effect
789	1	bmw	Olivin Metallic
2358	1	renault	Olympe
503	2	tvr	Olympic Blue Pearl
1919	1	chevrolet	Olympic Gold Metallic
220	0	nissan	Onion White
2901	0	mercury	Onyx
2352	0	chevrolet	Onyx Black
2817	1	astonmartin	Onyx Black
124	1	nissan	Opal Lavender Titan Metallic
880	1	jaguar	Opalescent Bronze Metallic
697	1	jaguar	Opalescent Dark Blue Metallic
882	1	jaguar	Opalescent Dark Green Metallic
879	1	jaguar	Opalescent Gunmetal
2062	1	jaguar	Opalescent Silver Blue Metallic
1502	1	jaguar	Opalescent Silver Grey Metallic
2903	99	opel	opel2903
2959	99	opera	opera2959
2979	99	opera	opera2979
2422	99	lotus	Orange
2666	0	dodge	Orange
2741	0	lancia	Orange
3065	0	lexus	Orange
1556	99	toyota	Orange Metallic
1821	1	toyota	Orange Metallic
3319	1	toyota	Orange Metallic
3325	99	toyota	Orange Metallic
1157	1	toyota	Orange Mica Metallic
1382	2	chrysler	Orange Pearl Coat
637	0	honda	Orchid Yellow
89	1	toyota	Orion Turquoise Metallic
2207	1	alfaromeo	Oro
2846	1	ferrari	Oro Chiaro
1729	1	fiat	Oro Lingotto Metallizzato
3340	1	mini	Oxford Green
3378	99	mini	Oxford Green/White stripes
1333	0	ford	Oxford White Clearcoat
593	1	bmw	Oxfordgrün metallic
2713	1	vauxhall	Oyster
836	1	astonmartin	Oyster Silver
905	1	nissan	Pacific Blue (PM)
1853	2	honda	Pacific Blue Pearl
191	1	ford	Pacific Green Clearcoat Metallic
2070	1	jaguar	Pacific Metallic
170	1	mazda	Pacifico Azzurro
2334	0	honda	Pack White
2426	99	pagani	pagani2426
3158	99	pagani	pagani3158
3159	99	pagani	pagani3159
526	1	toyota	Pale Rose Metallic Opal
732	1	nissan	Palemo Beige Metallic
850	1	mercedes	Palladiumsilber metallic
2200	0	mitsubishi	Palma Red
2220	0	mitsubishi	Palma Red
2919	1	mitsubishi	Palma Red
1932	1	chevrolet	Palomar Red Metallic
2427	99	panoz	panoz2427
796	0	ford	Panther Black
1945	0	dodge	Panther Pink
1421	1	ford	Panther-Black Metallic
429	1	ford	Panther-Schwarz Metallic
961	0	audi	Papaya Orange
2674	1	eagle	Paprika
1142	1	nissan	Paprika Orange Metallic
1308	1	audi	Paradise Green Metallic
1700	0	mitsubishi	Pasadena Red
988	0	fiat	Pasodoble Red
362	0	mitsubishi	Passion Red
896	0	volvo	Passion Red
1793	0	mitsubishi	Passion Red
2079	0	mitsubishi	Passion Red
3003	0	mitsubishi	Passion Red
1104	2	mazda	Passion Red Mica
1029	0	lexus	Passionate Pink
1446	0	hyundai	Pastel Yellow
746	2	tvr	Pathfinder Blue Pearlescent
69	0	honda	Patricia Green
1938	2	chrysler	Patriot Blue Pearl Coat
1974	2	dodge	Patriot Blue Pearl Coat
1151	2	nissan	Pearl Black
1997	2	proto	Pearl Black
3058	2	lexus	Pearl Blue
1028	2	lexus	Pearl Brown
3057	2	lexus	Pearl Gray
2909	2	jaguar	Pearl Grey
956	99	bugatti	Pearl M / Gold M
957	99	bugatti	Pearl M / Polar M
39	2	suzuki	Pearl Metallic Kashmir Blue
1284	2	suzuki	Pearl Pale Yellow
3059	2	lexus	Pearl Red
49	2	nissan	Pearl White
70	2	honda	Pearl White
235	2	suzuki	Pearl White
582	2	mitsubishi	Pearl White
1072	99	bmw	Pearl White
1579	2	lexus	Pearl White
3354	2	volkswagen	Pearl White
157	2	daihatsu	Pearl White I
611	2	daihatsu	Pearl White I
2132	2	lexus	Pearl Yellow
706	0	toyota	Pegasus White
279	1	chevrolet	Pennant Blue
1622	0	mini	Pepper White
1830	0	mini	Pepper White
2019	0	ford	Performance Blue
1787	0	ford	Performance Red
1451	0	ford	Performance White
576	0	ford	Performance White Clearcoat
851	1	mercedes	Periklasgrün metallic
2747	2	mercedes	Perl Blau
2767	2	fiat	Perla
2589	2	volkswagen	Perlblau
2835	0	volkswagen	Perlblau
2336	2	volkswagen	Perlgrau
2539	1	mercedes	Perlitgrau
846	0	mercedes	Perlmuttgrün
859	1	lotus	Persian Blue
2428	99	pescarolo	pescarolo2428
2429	99	pescarolo	pescarolo2429
2627	99	pescarolo	pescarolo2627
2628	99	pescarolo	pescarolo2628
2792	99	pescarolo	pescarolo2792
2793	99	pescarolo	pescarolo2793
2453	1	vauxhall	Petrol
2677	1	opel	Petrol
255	1	opel	Petrolblau Metallic
2008	2	audi	Petrolblau Perleffekt
2167	99	peugeot	peugeot2167
2384	99	peugeot	peugeot2384
2405	99	peugeot	peugeot2405
2512	99	peugeot	peugeot2512
2513	99	peugeot	peugeot2513
2514	99	peugeot	peugeot2514
2788	99	peugeot	peugeot2788
3074	99	peugeot	peugeot3074
659	1	eagle	Pewter Blue Metallic
43	1	honda	Pewter Gray Metallic
2054	0	lotus	Phantom Black
508	1	pontiac	Phantom Black Metallic
793	2	mitsubishi	Phantom Black Pearl
1230	2	honda	Phantom Gray Pearl
3096	2	holden	Phantom Mica
1449	2	audi	Phantomschwarz Perleffekt
779	99	audi	Phantomschwarz Perleffekt/Lavagrau Perleffekt
1453	99	audi	Phantomschwarz Perleffekt/Oxygensilber
1143	0	honda	Phoenix Blue
891	0	jaguar	Phoenix Red Solid
1246	0	acura	Phoenix Yellow
1353	1	bmw	Phoenixgelb Metallic
332	2	audi	Piedmont Red Pearl Effect
1709	0	nissan	Pikes Peak White
2688	0	triumph	Pimento
1233	1	pontiac	Pinehurst Green
2782	0	volkswagen	Pirolgelb
2219	0	lotus	Pistachio
2136	2	subaru	Plasma Blue Silica
1417	1	nissan	Platinum Metallic
1509	1	jaguar	Platinum Metallic
553	1	caterham	Platinum Silver
931	1	mg_mini	Platinum Silver
1015	99	bmw	Platinum Silver
63	2	honda	Platinum White Pearl
184	2	amuse	Platinum White Pearl
2667	1	dodge	Plum Crazy
1814	1	dodge	Plum Crazy Metallic
390	2	vauxhall	Polar Sea Blue Pearl
755	1	audi	Polar Silver
1302	0	mercury	Polar White
428	1	ford	Polar-Silber Metallic
1364	1	bmw	Polaris Metallic
1983	0	opel	Polarmeerblau
716	0	mercedes	Polarweiß
1593	1	honda	Polished Metal Metallic
1758	1	chevrolet	Polo Green Metallic
2361	0	chevrolet	Polo White
1054	99	polyphony	polyphony1054
1055	99	polyphony	polyphony1055
1056	99	polyphony	polyphony1056
1057	99	polyphony	polyphony1057
1596	99	polyphony	polyphony1596
2148	99	polyphony	polyphony2148
2149	99	polyphony	polyphony2149
2150	99	polyphony	polyphony2150
2980	99	polyphony	polyphony2980
2981	99	polyphony	polyphony2981
2982	99	polyphony	polyphony2982
2983	99	polyphony	polyphony2983
2984	99	polyphony	polyphony2984
2985	99	polyphony	polyphony2985
2986	99	polyphony	polyphony2986
2987	99	polyphony	polyphony2987
2988	99	polyphony	polyphony2988
2989	99	polyphony	polyphony2989
3116	99	polyphony	polyphony3116
3117	99	polyphony	polyphony3117
3118	99	polyphony	polyphony3118
3119	99	polyphony	polyphony3119
3120	99	polyphony	polyphony3120
3121	99	polyphony	polyphony3121
3122	99	polyphony	polyphony3122
3123	99	polyphony	polyphony3123
3126	99	polyphony	polyphony3126
3127	99	polyphony	polyphony3127
3128	99	polyphony	polyphony3128
3129	99	polyphony	polyphony3129
3130	99	polyphony	polyphony3130
3131	99	polyphony	polyphony3131
3132	99	polyphony	polyphony3132
3133	99	polyphony	polyphony3133
3134	99	polyphony	polyphony3134
3135	99	polyphony	polyphony3135
3136	99	polyphony	polyphony3136
3137	99	polyphony	polyphony3137
3138	99	polyphony	polyphony3138
3139	99	polyphony	polyphony3139
3140	99	polyphony	polyphony3140
3141	99	polyphony	polyphony3141
3142	99	polyphony	polyphony3142
3143	99	polyphony	polyphony3143
3144	99	polyphony	polyphony3144
3145	99	polyphony	polyphony3145
3146	99	polyphony	polyphony3146
3147	99	polyphony	polyphony3147
3148	99	polyphony	polyphony3148
3149	99	polyphony	polyphony3149
3150	99	polyphony	polyphony3150
3151	99	polyphony	polyphony3151
3152	99	polyphony	polyphony3152
3153	99	polyphony	polyphony3153
3154	99	polyphony	polyphony3154
3155	99	polyphony	polyphony3155
3156	99	polyphony	polyphony3156
3157	99	polyphony	polyphony3157
3162	99	polyphony	polyphony3162
3171	99	polyphony	polyphony3171
3173	99	polyphony	polyphony3173
3175	99	polyphony	polyphony3175
3177	99	polyphony	polyphony3177
3178	99	polyphony	polyphony3178
3180	99	polyphony	polyphony3180
3181	99	polyphony	polyphony3181
3182	99	polyphony	polyphony3182
3183	99	polyphony	polyphony3183
3184	99	polyphony	polyphony3184
3186	99	polyphony	polyphony3186
3187	99	polyphony	polyphony3187
3190	99	polyphony	polyphony3190
3191	99	polyphony	polyphony3191
3293	99	polyphony	polyphony3293
3294	99	polyphony	polyphony3294
3295	99	polyphony	polyphony3295
3296	99	polyphony	polyphony3296
3297	99	polyphony	polyphony3297
3298	99	polyphony	polyphony3298
3299	99	polyphony	polyphony3299
3300	99	polyphony	polyphony3300
3328	99	polyphony	polyphony3328
3329	99	polyphony	polyphony3329
3330	99	polyphony	polyphony3330
3331	99	polyphony	polyphony3331
3332	99	polyphony	polyphony3332
3333	99	polyphony	polyphony3333
3405	99	polyphony	polyphony3405
2647	99	pontiac	pontiac2647
2821	1	jaguar	Porcelain
2598	1	peugeot	Pourpre
1049	2	honda	Premium Deep Violet Pearl
872	2	nissan	Premium LeMans Blue (3P)
2029	2	nissan	Premium Passionate Orange (3P)
2096	0	subaru	Premium Red
645	1	lexus	Premium Silver
1128	1	subaru	Premium Silver Metallic
2162	1	subaru	Premium Silver Metallic
1499	0	nissan	Premium Ultimate Yellow
692	2	acura	Premium White Pearl
1653	2	honda	Premium White Pearl
238	1	opel	Prestige Blue Metallic
699	1	ac	Princess Blue
813	2	peugeot	Prune Montecristo
219	0	nissan	Pumpkin Yellow
510	0	nissan	Puplish Blue
2494	0	mazda	Pure Red
2784	0	mitsubishi	Pure Red
3336	0	mini	Pure Red
3382	99	mini	Pure Red/Black stripes
275	1	mini	Pure Silver Metallic
1623	1	mini	Pure Silver Metallic
1081	0	subaru	Pure White
2215	0	mazda	Pure White
2216	0	subaru	Pure White
2722	0	ac	Pure White
2291	0	daihatsu	Puro White
3016	0	daihatsu	Puro White
564	1	toyota	Purplish Blue Mica Metallic
1784	99	nissan	Purplish Silver Two-Tone
248	0	mitsubishi	Pyrenees Black
8	2	mitsubishi	Pyrenees Black Pearl
82	2	mitsubishi	Pyrenees Black Pearl
916	2	mitsubishi	Pyrenees Black Pearl
443	1	honda	Quantum Gray Metallic
3367	1	astonmartin	Quantum Silver
1851	1	audi	Quartz Grey Metallic
894	1	jaguar	Quartz Metallic
1752	1	lotus	Quartz Metallic
861	1	lotus	Quartz Silver
1558	1	honda	Quartz Silver Metallic
1749	1	honda	Quartz Silver Metallic
2618	1	mercedes	Quartzblau
2298	1	bmw	Quarzblau
684	1	chevrolet	Quasar blue Metallic
125	2	honda	Quasar Gray Pearl
648	2	mitsubishi	Queens Silver Pearl
1790	1	ford	Quick Silver Clearcoat Metallic
816	1	ford	Quick Silver Metallic
1474	99	ford	Quick Silver Metallic/Bodyside Stripes
2033	99	ford	Quick Silver Metallic/Racing Stripes
1799	1	chevrolet	Quicksilver Metallic
1862	1	pontiac	Quicksilver Metallic
3095	1	holden	Quicksilver Metallic
2465	2	opel	Rabiararot
412	2	vauxhall	Rabiata Red Pearl
863	0	lotus	Racing Green
1021	0	tesla_motors	Racing Green
2160	99	bmw	Racing Green
13	1	lotus	Racing Green Metallic
249	1	jaguar	Racing Green Metallic
286	1	lotus	Racing Green Metallic
1003	0	alfaromeo	Racing Yellow
2822	1	jaguar	Radiance
549	2	mazda	Radiant Ebony Mica
1861	0	toyota	Radiant Red
2127	0	tesla_motors	Radiant Red
3356	1	nissan	Radiant Red (PM)
2491	0	hyundai	Rally Red
983	0	chevrolet	Rally Yellow
2139	99	chevrolet	Rally Yellow Black Hood and Hockey Stripe
1032	99	chevrolet	Rally Yellow Black Stripe
1387	0	dodge	Rallye Green
607	1	chevrolet	Rallye Green Metallic
2316	0	plymouth	Rallye Red
1066	2	mitsubishi	Raspberry Red Pearl
1420	1	mercedes	Rauch Silber
3390	2	scion	Raven
246	2	audi	Raven Black Pearl Effect
518	1	volkswagen	Ravennablau Metallic
2284	0	daihatsu	Red
2285	0	nissan	Red
2289	0	toyota	Red
2304	0	toyota	Red
2364	0	lotus	Red
2421	99	lotus	Red
2443	0	tommykaira	Red
2560	0	nissan	Red
2602	0	dodge	Red
2636	0	daihatsu	Red
2760	0	asl	Red
2934	0	volvo	Red
3067	0	lexus	Red
3100	0	shelby	Red
3101	99	shelby	Red
1165	99	nissan	Red / Black
577	1	ford	Red Fire Clearcoat Metallic
984	0	chevrolet	Red Jewel Tintcoat
2143	99	chevrolet	Red Jewel Tintcoat Cyber Gray Hood and Hockey Stripe
1588	99	chevrolet	Red Jewel Tintcoat Cyber Gray Stripe
2288	0	nissan	Red Line
947	99	bugatti	Red M / Black M
792	1	mitsubishi	Red Metallic
2275	2	toyota	Red Mica
2351	2	toyota	Red Mica
2637	2	daihatsu	Red Mica
2686	2	lexus	Red Mica
808	2	lexus	Red Mica Crystal Shine
342	1	daihatsu	Red Mica Metallic
1069	1	toyota	Red Mica Metallic
1392	1	lexus	Red Mica Metallic
1422	1	toyota	Red Mica Metallic
1924	1	toyota	Red Mica Metallic
343	99	daihatsu	Red Mica Metallic/Silver Metallic
2230	2	nissan	Red Pearl
3	1	nissan	Red Pearl Metallic
360	1	nissan	Red Pearl Metallic
1601	0	mitsubishi	Red Solid
2197	0	mitsubishi	Red Solid
2234	0	mitsubishi	Red Solid
3091	0	holden	Redhot
1728	0	chevrolet	Redline Red
1241	2	audi	Reed Green Pearl Effect
1335	0	caterham	Reflex Blue
1168	3	tvr	Reflex Purple
1705	3	tvr	Reflex Spice
830	1	volkswagen	Reflexsilber Metallic
1182	1	volkswagen	Reflexsilber Metallic
906	2	subaru	Regal Blue Pearl
1120	0	lotus	Regency Red
2372	99	renault	renault2372
2373	99	renault	renault2373
2374	99	renault	renault2374
2375	99	renault	renault2375
2376	99	renault	renault2376
2377	99	renault	renault2377
2378	99	renault	renault2378
2379	99	renault	renault2379
2385	99	renault	renault2385
1190	1	chevrolet	Ricochet Silver
616	2	acura	Rio Yellow Pearl
1967	2	honda	Rio Yellow Pearl
3317	1	volkswagen	Rising Blue Metallic
303	1	chevrolet	Riverside Gold Metallic
635	0	chevrolet	Riverside Red
561	0	mitsubishi	Rocky White
708	0	seat	Rojo emocion
1985	0	seat	Rojo volcan
80	0	lotus	Roman Purple
451	2	toyota	Rose Red Mica
1400	2	lexus	Rose Red Mica
2750	1	mercedes	Rosenholz
2206	0	alfaromeo	Rosso Alfa
2241	0	alfaromeo	Rosso Alfa
2293	0	alfaromeo	Rosso Alfa
2801	0	alfaromeo	Rosso Alfa
2915	0	alfaromeo	Rosso Alfa
3017	0	alfaromeo	Rosso Alfa
1485	0	ferrari	Rosso Bordeaux
2043	0	ferrari	Rosso Chiaro
1409	0	fiat	Rosso Corallo
694	0	fiat	Rosso Corallo Scuro
842	0	ferrari	Rosso Cordoba
17	0	ferrari	Rosso Corsa
225	0	fiat	Rosso Corsa
1774	0	fiat	Rosso Corsa
2121	0	ferrari	Rosso Corsa
2847	0	ferrari	Rosso Dino
383	0	alfaromeo	Rosso Farina
1984	1	fiat	Rosso Light
1796	0	fiat	Rosso Medio
2850	1	ferrari	Rosso Met.
1007	0	ferrari	Rosso Monza
1084	0	ferrari	Rosso Monza
865	1	ferrari	Rosso Mugello
173	2	tvr	Rosso Pearlescent
240	0	alfaromeo	Rosso Proteo
143	1	alfaromeo	Rosso Proteo Metallizzato
992	1	alfaromeo	Rosso Proteo Metallizzato
1097	1	alfaromeo	Rosso Rubino
2044	0	ferrari	Rosso Rubino
1009	0	ferrari	Rosso Scuderia
1617	0	ferrari	Rosso Scuderia
747	1	alfaromeo	Rosso Siena Metallizzato
2080	0	lamborghini	ROSSO SIVIGLIA
2473	0	volkswagen	Rot Uni
1439	2	mitsubishi	Rotor-Glow Pearl
2600	0	peugeot	Rouge Aden
2954	0	peugeot	Rouge Aden
557	1	citroen	Rouge Ardent
589	0	renault	Rouge Cerise
418	1	renault	Rouge de Feu
1911	1	renault	Rouge De Feu
514	1	renault	Rouge De Mars
1629	1	renault	Rouge De Mars
1345	1	citroen	Rouge Hermes
214	1	peugeot	Rouge Lucifer
307	2	citroen	Rouge Lucifer
1890	2	citroen	Rouge Lucifer
1897	2	citroen	Rouge Pivoine
230	0	peugeot	Rouge Vallelunga
2441	0	renault	Rouge Vif
347	0	peugeot	Rouge Écarlate
2503	0	jensen	Royal Blue
2604	0	lotus	Royal Blue
2712	0	vauxhall	Royal Blue
2725	0	marcos	Royal Blue
2962	0	mg_mini	Royal Blue
668	1	daihatsu	Royal Blue Metallic
967	2	subaru	Royal Blue Mica
3344	1	mini	Royal Grey
3376	99	mini	Royal Grey/Black stripes
64	2	honda	Royal Navy Blue Pearl
185	2	amuse	Royal Navy Blue Pearl
87	2	honda	Royal Ruby Red Pearl
757	1	proto	Royal Silver
2455	1	vauxhall	Rubens Red
237	2	opel	Rubens Red Mica
1205	2	opel	Rubensrot Mineraleffekt
18	2	ferrari	Rubino Micalizzato
1570	2	ferrari	Rubino Micalizzato
2617	1	mercedes	Rubinrot
155	1	lotus	Ruby Metallic
1457	1	lotus	Ruby Metallic
2723	0	ac	Ruby Red
3349	0	volkswagen	Ruby Red
1218	1	lotus	Ruby Red Metallic
897	2	volvo	Ruby Red Pearl
2263	99	ruf	ruf2263
2264	99	ruf	ruf2264
2265	99	ruf	ruf2265
2266	99	ruf	ruf2266
2267	99	ruf	ruf2267
2268	99	ruf	ruf2268
2269	99	ruf	ruf2269
2270	99	ruf	ruf2270
2271	99	ruf	ruf2271
2272	99	ruf	ruf2272
2273	99	ruf	ruf2273
2274	99	ruf	ruf2274
2565	99	ruf	ruf2565
1329	0	mazda	RX-8 Yellow
316	1	pontiac	Saddle Bronze
1933	1	chevrolet	Saddle Tan Metallic
1612	0	lotus	Saffron Yellow
2516	1	mercury	Sage Gold
1928	1	plymouth	Sahara Tan Metallic
2007	1	audi	Saharasilber Metallic
356	0	mitsubishi	Saint Amour Green
377	1	saleen	Saleen S7 Silver
1059	0	jaguar	Salsa
2281	0	pontiac	Salsa
3037	0	jaguar	Salsa
1279	1	ford	Salsa-Rot Metallic
2511	1	alfaromeo	Salvia
2343	0	isuzu	Salvia Red
156	2	honda	Samba Green Pearl
2338	0	hyundai	Samba Red
26	99	polyphony	sample_white
1723	0	acura	San Marino Red
2717	1	ac	Sand
2968	0	subaru	Sand Beige
2752	0	honda	Sand Blue
2524	2	mazda	Sand Mica
264	0	plymouth	Sandalwood Beige
1927	0	plymouth	Sandpebble Beige
2049	1	mercedes	Sanidinbeige metallic
190	0	honda	Sanmarino Red
1390	0	honda	Santa Fe Orange
741	0	opel	Saphirschwarz
1738	1	bmw	Saphirschwarz Metallic
2161	99	bmw	Sapphire Black
1418	0	nissan	Sapphire Blue
1414	1	suzuki	Sapphire Blue Metallic
188	2	honda	Sapphire Blue Pearl
449	1	jaguar	Sapphire Metallic
892	1	jaguar	Sapphire Metallic
1199	1	chrysler	Sapphire Silver Metallic
1338	0	mitsubishi	Sarajevo White
1186	0	autobianchi	Saratoga White
1138	0	mitsubishi	Saronno Red
1210	0	plymouth	Sassy Grass Green
2282	1	pontiac	Satellite
74	1	suzuki	Satellite Silver Metallic
1650	1	mitsubishi	Satellite Silver Metallic
1999	2	chrysler	Satin Jade Pearl
1899	1	ford	Satin Silver Clearcoat Metallic
1085	1	honda	Satin Silver Metallic
1124	1	honda	Satin Silver Metallic
1187	1	acura	Satin Silver Metallic
1931	1	chevrolet	Satin Silver Metallic
1517	0	subaru	Satin White
3302	2	subaru	Satin White Pearl
3323	2	toyota	Satin White Pearl
75	1	suzuki	Saturn Black Metallic
989	1	suzuki	Saturn Black Metallic
1947	2	vauxhall	Saturn Blue
1513	1	volvo	Scarab Green Metallic
2456	0	honda	Scarlet
90	0	toyota	Scarlett Prominence
2225	0	mercedes	Schwarz
2300	0	bmw	Schwarz
2309	0	opel	Schwarz
2335	0	volkswagen	Schwarz
2631	0	bmw	Schwarz
2695	0	volkswagen	Schwarz
2833	0	volkswagen	Schwarz
2851	0	mercedes	Schwarz
434	0	volkswagen	Schwarz Uni
2644	0	plymouth	Scorch Red
7	0	mitsubishi	Scotia White
83	0	mitsubishi	Scotia White
915	0	mitsubishi	Scotia White
1707	0	mines	Scotia White
578	0	ford	Screaming Yellow Clearcoat
3347	0	volkswagen	Sea Blue
3352	0	volkswagen	Sea Sand
497	2	mazda	Seabreeze Green Mica
351	1	jaguar	Seafrost Metallic
1510	1	jaguar	Seafrost Metallic
1111	1	honda	Sebring Silver Metallic
1363	1	acura	Sebring Silver Metallic
1712	1	amuse	Sebring Silver Metallic
1759	1	chevrolet	Sebring Silver Metallic
804	1	bmw	Sedonarot Metallic
1404	0	toyota	Seminole Red
715	1	nissan	Sensitive silver (M)
1536	2	audi	Sepanblau Perleffekt
1356	1	bmw	Sepang Bronze
2137	99	audi	Sepangblau Perleffekt/Mugelloblau Perleffekt
559	1	mitsubishi	Serbia Black
1095	1	infiniti	Serengeti Sand
52	1	mazda	Serion Silver Metallic
1492	0	mazda	Shade Green
2283	0	pontiac	Shadow
116	0	pontiac	Shadow Black
2040	1	volkswagen	Shadow Blue Metallic
165	1	chevrolet	Shadow Gray Metallic
217	99	mazda	Shadow Silver Mica
855	2	mazda	Shadow Silver Mica
1380	1	chrysler	Shale Green Metallic
1677	2	honda	Shallot Green Pearl
2754	1	nissan	Shamrock
1846	1	mercury	Sheffield Silver
2606	99	shelby	shelby2606
2681	99	shelby	shelby2681
2682	99	shelby	shelby2682
2683	99	shelby	shelby2683
2766	99	shelby	shelby2766
3397	1	shelby	shelby3397
1325	1	toyota	Shell Metallic
1594	1	honda	Sherbet Blue Metallic
883	0	jaguar	Sherwood Green
1743	1	plymouth	Sherwood Green Metallic
1507	1	jaguar	Sherwood Metallic
1922	0	daihatsu	Shining Red
547	1	honda	Shoreline Beige Metallic
1429	1	nissan	Sicilian Olive Green Metallic
2084	1	mg_mini	Sienna Gold
1921	1	honda	Signet Silver Metallic
2463	99	opel	Silber
2904	1	opel	Silber
1346	1	bmw	Silbergrau Metallic
2247	1	nissan	Silica
1662	1	nissan	Silica Breath Metallic
1840	1	nissan	Silica Gold
1286	1	mini	Silk Green Metallic
3303	2	toyota	Silky Black
1285	1	suzuki	Silky Silver Metallic
1805	2	mitsubishi	Silky White Pearl
1074	99	bmw	Silver
2340	1	pagani	Silver
2575	1	nissan	Silver
2735	1	callaway	Silver
3110	1	shelby	Silver
3111	99	shelby	Silver
1282	1	volkswagen	Silver Arrow Metallic
3368	1	astonmartin	Silver Blonde
631	1	chevrolet	Silver Blue Metallic
2190	5	polyphony	Silver Chrome
1642	1	honda	Silver Fox Metallic
1715	1	ford	Silver Frost Clearcoat Metallic
918	99	bugatti	Silver Gray M / Mocca Brown M
363	1	toyota	Silver Gray Metallic
900	1	volvo	Silver Gray Metallic
1515	1	volvo	Silver Green Metallic
462	1	jensen	Silver Grey Metallic
2109	1	chevrolet	Silver Ice Metallic
1035	99	chevrolet	Silver Ice Metallic Black Hood and Hockey Stripe
1583	99	chevrolet	Silver Ice Metallic Black Stripe
658	1	vauxhall	Silver Lightning
953	99	bugatti	Silver M / Dark Blue M
77	1	toyota	Silver Metallic
243	1	audi	Silver Metallic
293	1	nissan	Silver Metallic
333	1	audi	Silver Metallic
340	1	toyota	Silver Metallic
384	1	mitsubishi	Silver Metallic
387	1	tommykaira	Silver Metallic
415	1	vauxhall	Silver Metallic
618	99	toyota	Silver Metallic
1171	1	trd	Silver Metallic
1177	1	daihatsu	Silver Metallic
1350	1	dodge	Silver Metallic
1425	1	asl	Silver Metallic
1512	1	volvo	Silver Metallic
1560	1	daihatsu	Silver Metallic
1602	1	toyota	Silver Metallic
1750	1	audi	Silver Metallic
1753	1	lotus	Silver Metallic
1838	1	toms	Silver Metallic
1904	1	chrysler	Silver Metallic
1941	1	lexus	Silver Metallic
1949	1	lexus	Silver Metallic
1962	1	scion	Silver Metallic
232	1	toyota	Silver Metallic Graphite
519	1	toyota	Silver Metallic Graphite
1820	1	toyota	Silver Mica Metallic
1194	1	toyota	Silver Opal Metallic
2112	1	dodge	Silver Poly
1169	1	tvr	Silver Stardust Metallic
595	0	bmw	Silver Stone
186	1	amuse	Silver Stone Metallic
1131	1	mazda	Silver Stone Metallic
1708	1	nissan	Silver Stone Metallic
1330	99	nissan	Silver Two-Tone
1545	1	audi	Silver Violet Metallic
1768	1	pontiac	Silvermist Gray
1471	1	bmw	Silverstone ll Metallic
65	1	honda	Silverstone Metallic
613	1	acura	Silverstone Metallic
1232	1	pontiac	Singapore Gold
3063	0	lexus	Sky Blue
419	1	nissan	Sky Blue Pearl Metallic
315	0	pontiac	Skyline Blue
2829	1	astonmartin	Slate Blue
3056	0	lexus	Slate Blue
265	1	plymouth	Slate Gray Metallic
1508	1	jaguar	Slate Metallic
1189	0	chevrolet	Slingshot Yellow
629	1	plymouth	Sliver Metallic
1280	1	ford	Smaragd-Grun Metallic
1130	0	mercedes	Smaragdschwarz
309	1	hyundai	Smart Silver
587	0	honda	Smoke Black
221	0	chevrolet	Smokin Asphalt
58	2	mazda	Snow Flake White Pearl Mica
2041	1	astonmartin	Snow Shadow Grey
2317	0	plymouth	Snow White
969	2	mazda	Snow White Pearl Mica
2552	2	volkswagen	Softblue
2946	0	toyota	Solar Red
2961	0	mg_mini	Solar Red
371	0	dodge	Solar Yellow
857	2	lotus	Solar Yellow
1802	1	isuzu	Soleil Gold Metallic
924	1	astonmartin	Solent Silver
2078	0	ford	Sonic Blue Clearcoat
579	1	ford	Sonic Blue Clearcoat Metallic
196	2	subaru	Sonic Blue Mica
337	1	nismo	Sonic Silver Metallic
1178	1	nissan	Sonic Silver Metallic
1459	1	nissan	Sonic Silver(M)
2312	1	bmw	Sonora
406	0	mitsubishi	Sophia White
470	2	acura	Spa Yellow Pearl
1881	2	honda	Spa Yellow Pearl
502	2	tvr	Space Blue Pearl
1275	1	vauxhall	Space Green
1472	1	bmw	Spacegrau Metallic
256	1	opel	Spacegrün Metallic
661	1	eagle	Spanish Olive
834	2	suzuki	Spark Black Pearl
107	1	nissan	Spark Silver Metallic
1610	1	nissan	Spark Silver Metallic
2025	1	subaru	Spark Silver Metallic
1313	1	bmw	Sparkeling Graphit metallic
1879	1	mazda	Sparkle Green Metallic
1260	0	toyota	Sparkle Wave Toning
1327	0	toyota	Sparkle Wave Toning
1690	1	honda	Sparkle Yellow Metallic
2022	2	mazda	Sparkling Black Mica
222	1	bmw	Sparkling Graphite Metallic
801	1	bmw	Sparkling Graphite Metallic
1277	1	nissan	Sparkling Orange
102	1	nissan	Sparkling Silver (M)
972	1	mini	Sparkling Silver Metallic
1105	1	mazda	Sparkling Silver Metallic
1754	1	nismo	Sparkling Silver Metallic
1001	1	jaguar	Spectrum Blue Metallic
2146	2	honda	Spectrum White Pearl
819	0	ford	Speed Yellow
359	0	ford	Speed Yellow Clearcoat
1477	99	ford	Speed Yellow/Bodyside Stripes
820	99	ford	Speed Yellow/Racing Stripes
376	0	saleen	Speedlab Yellow
506	1	toyota	Speedway Blue
374	0	chevrolet	Speedway White
3308	1	mini	Spice Orange Metallic
53	2	mazda	Spicy Orange Mica
2768	0	jaguar	Spindrift
266	0	plymouth	Spinnaker White
1442	0	proto	Spirra Yellow
54	2	mazda	Splash Green Mica
2425	99	spoon	spoon2425
2661	99	spoon	spoon2661
1216	0	chevrolet	Sportsman Red
1547	2	audi	Sprint Blue Pearl Effect
25	2	audi	Sprintblau Perleffekt
468	1	nissan	Spruce Green Metallic
1817	1	vauxhall	Star Silver
466	1	nissan	Starburst Silver Metallic
1495	0	lotus	Starlight Black
1581	0	lexus	Starlight Black
1767	0	pontiac	Starlight Black
11	1	lotus	Starlight Black Metallic
1315	1	lotus	Starlight Black Metallic
1127	2	honda	Starlight Black Pearl
927	1	mg_mini	Starlight Silver
1706	1	tvr	Starmist Blue
1859	1	tvr	Starmist Crimson
1106	2	mazda	Starry Blue Mica
2771	1	opel	Starsilber
1206	1	opel	Starsilber II Metallic
1501	1	opel	Starsilver III Metallic
3055	1	lexus	Steel Blue
1402	1	chevrolet	Steel Blue Metallic
1671	2	mitsubishi	Steel Blue Pearl
3054	1	lexus	Steel Gray
1263	1	daihatsu	Steel Gray Metallic
1383	1	mitsubishi	Steel Silver
3301	1	mitsubishi	Steel Silver Metallic
2537	1	renault	Steppe
1542	99	bugatti	Sterling M / Graphite M
1576	1	tesla_motors	Sterling Silver
118	1	mitsubishi	Sterling Silver Metallic
3311	1	toyota	Sterling Silver Metallic
3399	1	subaru	Sterling Silver Metallic
2018	1	bmw	Sterlinggrau Metallic
1937	99	chrysler	Stone White
2816	99	dodge	Stone White
3371	1	astonmartin	Storm Black
2459	0	nissan	Storm Gray
2145	1	honda	Storm Silver Metallic
1494	1	lotus	Storm Titanium
1615	1	lotus	Storm Titanium Metallic
571	1	volkswagen	Stormbeige Metallic
798	2	mazda	Stormy Blue Mica
55	2	mazda	Strat Blue Mica
35	2	nissan	Stratosphere Blue (PM)
3372	0	astonmartin	Stratus White
1145	1	toyota	Strong Blue Metallic
2943	99	subaru	subaru2943
2971	99	subaru	subaru2971
2972	99	subaru	subaru2972
2973	99	subaru	subaru2973
2974	99	subaru	subaru2974
3027	99	subaru	subaru3027
2663	0	dodge	Sublime
985	0	chevrolet	Summit White
1587	99	chevrolet	Summit White Black Hood and Hockey Stripe
1042	99	chevrolet	Summit White Black Stripe
455	0	mazda	Sunburst Yellow
3369	1	astonmartin	Sunburst Yellow
725	1	acura	Sundance Gold
314	1	pontiac	Sunfire Red
626	0	plymouth	Sunfire Yellow
56	1	mazda	Sunlight Silver Metallic
108	0	spoon	Sunlight Yellow
1665	0	honda	Sunlight Yellow
310	0	hyundai	Sunny Yellow
461	0	honda	Sunny Yellow
477	0	isuzu	Sunrise Red
2319	0	volkswagen	Sunset
114	1	nissan	Sunset Orange
2134	0	lexus	Sunset Orange
1334	2	honda	Sunset Orange Pearl
174	2	tvr	Sunset Pearlescent
2724	0	ac	Sunset Red
2066	0	nissan	Sunshine Yellow
1982	0	nissan	Supanish Red
227	0	nissan	Super Black
1098	0	nissan	Super Black
1102	0	nissan	Super Black
617	0	toyota	Super Bright Yellow
663	0	lexus	Super Bright Yellow
1689	0	toyota	Super Bright Yellow
1294	0	nissan	Super Clear Red
336	0	nismo	Super Clear Red II
1837	0	nissan	Super Clear Red Ⅱ
2863	1	honda	Super Platinum Metallic
2214	0	nissan	Super Red
2894	0	nissan	Super Red
1680	0	toyota	Super Red II
1872	0	toyota	Super Red II
1895	0	toyota	Super Red II
1196	0	toyota	Super Red IV
1291	0	toyota	Super Red IV
1956	0	lexus	Super Red IV
2028	1	daihatsu	Super Red Metallic
176	0	trd	Super Red V
647	0	lexus	Super Red V
667	0	toyota	Super Red V
691	0	scion	Super Red V
1117	0	toyota	Super Red V
1245	0	toyota	Super Red V
1961	0	lexus	Super Red V
2059	0	toyota	Super Red V
441	1	hyundai	Super Silver
120	1	toyota	Super Silver III Metallic
688	1	lexus	Super Silver III Metallic
364	0	toyota	Super White
133	0	toyota	Super White II
175	0	trd	Super White II
532	0	toyota	Super White II
721	0	toyota	Super White II
1295	0	toms	Super White II
1393	0	lexus	Super White II
1925	0	toyota	Super White II
2060	0	toyota	Super White II
1203	0	toyota	Super White IV
450	2	toyota	Super White Pearl Mica
677	2	lexus	Super White Pearl Mica
1559	0	suzuki	Superior White
1646	0	suzuki	Superior White
2192	2	suzuki	Superior White
1605	99	bmw	Supernova Silver
2111	2	mazda	Supreme Blue Mica
1100	2	suzuki	Supreme Red Pearl 2
2325	0	mini	Surf Blue
3339	0	mini	Surf Blue
3380	99	mini	Surf Blue/White stripes
1503	1	astonmartin	Sutherland Red
545	1	honda	Suzuka Blue Metallic
943	1	audi	Suzukagrau Metallic
1033	99	audi	Suzukagrau Metallic/Eissilber Metallic
2952	99	suzuki	suzuki2952
2995	99	suzuki	suzuki2995
2610	0	mazda	Swan White
2623	2	vauxhall	Switch
2678	2	opel	Switch
2311	1	bmw	Sydneyblau
353	1	mitsubishi	Symphonic Silver Metallic
1724	0	acura	Taffeta White
150	0	honda	Taffetas White
932	0	mg_mini	Tahiti Blue
288	2	mini	Tahiti Blue Pearl
1981	1	nissan	Tahitian Blue Metallic
1808	2	honda	Tahitian Green Pearl
267	1	plymouth	Tahitian Walnut Metallic
802	1	bmw	Tahitigrün Metallic
608	1	bmw	Taiga Metallic
401	1	dodge	Tan Metallic
2302	1	peugeot	Tangerine
2507	0	jensen	Tangerine
94	1	mercedes	Tansanitblau
852	1	mercedes	Tansanitblau metallic
2726	0	marcos	Tartan Red
639	1	chrysler	Taupe Frost Metallic
1211	1	plymouth	Tawny Gold Metallic
2543	1	mercedes	Tealitblau
144	1	nissan	Techno Grey
433	2	volkswagen	Technoblau Perleffekt
2226	2	mercedes	Tektitgrau
95	1	mercedes	Tellursilber
3370	1	astonmartin	Tempest Blue
1489	1	mercedes	Tenoritgrau metallic
2625	0	nissan	Teracotta
2363	1	toyota	Terracotta
2794	99	polyphony	test_black
2597	1	mitsubishi	Texas Gold
1019	0	tesla_motors	Thunder Gray
1972	1	toyota	Thunder Silver
492	1	bmw	Tiefgrün metallic
1450	2	audi	Tiefseeblau Perleffekt
567	0	mitsubishi	Timber Green
71	1	honda	Timbered Green Metallic
1416	2	dodge	Timberline Green Pearl Coat
2542	1	mercedes	Titanitrot
1868	1	nissan	Titanium Blade
2027	1	nissan	Titanium Gray (TM)
951	99	bugatti	Titanium Gray M / Black M
115	1	mazda	Titanium Gray Metallic
1638	1	mazda	Titanium Gray Metallic II
446	1	jaguar	Titanium Metallic
1170	1	tvr	Titanium Metallic
1691	1	lotus	Titanium Metallic
2014	1	lotus	Titanium Metallic
1139	2	mitsubishi	Titanium Pearl
1336	1	caterham	Titanium Silver
1606	99	bmw	Titanium Silver
2037	1	astonmartin	Titanium Silver
1268	1	spyker	Titanium Silver Metallic
257	1	bmw	Titansilber Metallic
381	1	bmw	Titansilber Metallic
790	1	bmw	Toledoblau Metallic
2297	0	nissan	Tomato Red
1215	1	honda	Tonic Blue Metallic
402	0	dodge	Top Banana Yellow
2227	2	mercedes	Topasblau
2692	0	triumph	Topaz
895	1	jaguar	Topaz Metallic
1788	1	jaguar	Topaz Metallic
2941	0	dodge	Tor Red
2318	0	plymouth	Tor-Red
2436	0	chevrolet	Torch Red
3406	0	chevrolet	Torch Red
1900	0	ford	Torch Red Clearcoat
1257	0	mitsubishi	Torched Steel Blue
1176	1	ford	Toreador Red Clearcoat Metallic
348	2	honda	Torino Red Pearl
454	1	mazda	Tornado Silver Metallic
911	1	mazda	Tornado Silver Metallic
2292	0	volkswagen	Tornadorot
2834	0	volkswagen	Tornadorot
2831	1	astonmartin	Toro Red
2531	0	pontiac	Torrid Red
1777	0	audi	Toucan Yellow
2202	99	toyota	toyota2202
2387	99	toyota	toyota2387
2408	99	toyota	toyota2408
2409	99	toyota	toyota2409
2410	99	toyota	toyota2410
2437	99	toyota	toyota2437
2500	99	toyota	toyota2500
2576	99	toyota	toyota2576
2577	99	toyota	toyota2577
2578	99	toyota	toyota2578
2579	99	toyota	toyota2579
2580	99	toyota	toyota2580
2581	99	toyota	toyota2581
2582	99	toyota	toyota2582
2594	99	toyota	toyota2594
2595	99	toyota	toyota2595
2655	99	toyota	toyota2655
2656	99	toyota	toyota2656
2657	99	toyota	toyota2657
2658	99	toyota	toyota2658
2659	99	toyota	toyota2659
2914	99	toyota	toyota2914
2953	99	toyota	toyota2953
2957	99	toyota	toyota2957
3034	99	toyota	toyota3034
3076	99	toyota	toyota3076
3077	99	toyota	toyota3077
3078	99	toyota	toyota3078
3099	99	toyota	toyota3099
3169	99	toyota	toyota3169
3188	99	toyota	toyota3188
474	1	mercury	Trafalgar Blue
1658	1	mercedes	Travertinbeige
2430	99	trial	trial2430
1776	2	mitsubishi	Trigger Mauve Pearl
925	0	mg_mini	Trophy Blue
926	0	mg_mini	Trophy Yellow
2001	0	hyundai	Tropic Green
3342	1	mini	True Blue
268	1	plymouth	True Blue Metallic
3379	99	mini	True Blue/White stripes
2790	0	mazda	True Red
823	1	ford	Tungsten Gray
2036	99	ford	Tungsten Gray/Bodyside Stripes
824	99	ford	Tungsten Gray/Racing Stripes
826	1	astonmartin	Tungsten Silver
1744	1	plymouth	Tunisian Tan Metallic
695	0	fiat	Turchese Farfalla
2515	1	mercury	Turquoise
682	1	chevrolet	Turquoise Metallic
1812	1	dodge	Turquoise Metallic
1195	1	toyota	Turquoise Mica Metallic
1162	0	chevrolet	Tuxedo Black
1226	0	chevrolet	Tuxedo Black
3081	99	tvr	tvr3081
1577	1	tesla_motors	Twilight Blue
1852	1	infiniti	Twilight Blue
469	2	mazda	Twilight Blue Mica
1002	1	jaguar	Ultimate Black Metallic
807	1	nissan	Ultimate Metal Silver (4M)
889	1	nissan	Ultimate Opal Black（RP)
169	0	mazda	Ultimo Rosso
2673	2	vauxhall	Ultra Blue
2895	0	renault	Ultra Blue
2744	0	nissan	Ultra Red
2896	0	renault	Ultra Red
1672	2	mitsubishi	Ultra Red Pearl
1995	2	mitsubishi	Ultra Red Pearl
1856	1	bmw	Ultramarinblau metallic
3392	2	scion	Ultramarine
1480	1	volkswagen	United Grey Metallic
2571	0	honda	Ural Gray
2785	1	mitsubishi	UV Blue
1565	1	jaguar	Vapour Grey Metallic
2671	99	vauxhall	vauxhall2671
2672	99	vauxhall	vauxhall2672
59	2	mazda	Velocity Red Mica
766	0	chevrolet	Velocity Yellow Tintcoat
345	1	nissan	Velvet Blue
439	1	mini	Velvet Red Metallic
965	2	audi	Venetian Violet Pearl Effect
3026	0	ferrari	Verde
869	0	ferrari	Verde Abetone
1150	1	alfaromeo	Verde Acero Metallizzato
2776	0	seat	Verde agua
203	1	alfaromeo	Verde Amazzoni Metallizzato
1398	1	alfaromeo	Verde Argo Metallizzato
1687	0	alfaromeo	Verde Boreale
1526	0	lamborghini	VERDE COUNTACH
1200	0	alfaromeo	Verde Coventry
2129	1	lamborghini	Verde Draco
1685	1	alfaromeo	Verde Gemma Metallizzato
1578	0	lamborghini	Verde Ithaca
1486	1	ferrari	Verde Medio
739	0	seat	Verde merlin
674	1	alfaromeo	Verde Minerva Metallizzato
752	0	alfaromeo	Verde Muschio
516	1	renault	Vert Centaure
1323	1	peugeot	Vert Ceylan
1912	1	renault	Vert Citron
599	1	renault	Vert Cuivre
1763	0	citroen	Vert Eau Limpide
2064	2	citroen	Vert Eau Limpide
1358	1	renault	Vert Givemy
1889	2	citroen	Vert Hurlevent
2573	1	citroen	Vert Lenz
574	1	citroen	Vert Libellule
1903	1	peugeot	Vert Oakland
584	0	peugeot	Vert Ouranos
522	0	peugeot	Vert Patagonie
308	1	citroen	Vert Petitpre
2353	2	peugeot	Vert Polo
1193	1	peugeot	Vert Romarin
513	1	renault	Vert Scarabee
2536	1	renault	Vert Taiga
2944	0	citroen	Vert Vega
1906	0	renault	Vert Vertigo
1022	0	tesla_motors	Very Orange
1462	0	nissan	Vibrant Red (C)
189	0	ford	Vibrant White Clearcoat
541	0	honda	Victoria Red
2004	0	chevrolet	Victory Red
2138	0	chevrolet	Victory Red
1036	99	chevrolet	Victory Red Black Hood and Hockey Stripe
1585	99	chevrolet	Victory Red Black Stripe
2891	0	ferrari	Vinaccia
1951	0	ac	Vineyard Green
2100	2	subaru	Vintage Green Mica
1669	0	mazda	Vintage Red
2848	0	ferrari	Viola Dino
966	2	subaru	Violet Blue Mica
1473	0	dodge	Viper Black
2814	99	dodge	Viper Black
45	99	dodge	Viper Black / Silver Stripes
3170	99	dodge	Viper black/red stripes
2815	99	dodge	Viper Black/White Stripes
2999	99	dodge	Viper Bright Blue Metallic
46	99	dodge	Viper Bright Silver Metallic / Blue Stripes
197	1	dodge	Viper Bright Siver Metallic
2806	99	dodge	Viper GTS Blue
2805	99	dodge	Viper GTS Blue/White Stripes
1180	0	dodge	Viper Race Yellow
2808	99	dodge	Viper Race Yellow
843	99	dodge	Viper Race Yellow/Black Stripes
2803	0	dodge	Viper Red
2812	99	dodge	Viper Red
1634	99	dodge	Viper Red / Silver Stripes
1460	99	dodge	Viper Red/White Stripes
2813	99	dodge	Viper Red/White Stripes
2810	99	dodge	Viper Slate Crystal
2811	99	dodge	Viper Slate Crystal/White Stripes
3000	99	dodge	Viper Very Orange
2998	99	dodge	Viper Violet
3384	1	astonmartin	Viridian Green
2642	0	plymouth	Vitamin C
581	99	mercedes	Vivanitgrün
1427	1	mercedes	Vivanitgrün
2976	0	subaru	Vivian Red
1611	2	honda	Vivid Blue Pearl
44	1	honda	Vogue Silver Metallic
2965	0	mg_mini	Volcano
484	2	audi	Volcano Black Pearl
1047	99	bmw	Volcano Orange
1219	2	mini	Volcano Pearl
537	1	mercedes	Volcano Red
2159	99	bmw	Volcano Red
1050	99	volkswagen	volkswagen1050
1051	99	volkswagen	volkswagen1051
1052	99	volkswagen	volkswagen1052
1595	99	volkswagen	volkswagen1595
1603	99	volkswagen	volkswagen1603
1604	99	volkswagen	volkswagen1604
2323	99	volkswagen	volkswagen2323
2389	99	volkswagen	volkswagen2389
2399	99	volkswagen	volkswagen2399
2400	99	volkswagen	volkswagen2400
2401	99	volkswagen	volkswagen2401
2403	99	volkswagen	volkswagen2403
2404	99	volkswagen	volkswagen2404
2481	99	volkswagen	volkswagen2481
2482	99	volkswagen	volkswagen2482
2483	99	volkswagen	volkswagen2483
2484	99	volkswagen	volkswagen2484
2485	99	volkswagen	volkswagen2485
2486	99	volkswagen	volkswagen2486
2487	99	volkswagen	volkswagen2487
2488	99	volkswagen	volkswagen2488
2538	99	volkswagen	volkswagen2538
2544	99	volkswagen	volkswagen2544
2545	99	volkswagen	volkswagen2545
2546	99	volkswagen	volkswagen2546
2547	99	volkswagen	volkswagen2547
2548	99	volkswagen	volkswagen2548
3084	99	volkswagen	volkswagen3084
3085	99	volkswagen	volkswagen3085
3086	99	volkswagen	volkswagen3086
3088	99	volkswagen	volkswagen3088
3124	99	volkswagen	volkswagen3124
3125	99	volkswagen	volkswagen3125
1930	1	plymouth	Walnut Metallic
764	1	hyundai	Warm Silver
112	1	mitsubishi	Warm Silver Metallic
393	99	nissan	Warm White Two-Tone
2852	0	mercedes	Weiß
2853	0	mercedes	Weißgrau
1290	0	jaguar	Westminster Blue
1061	99	ford	White
2158	99	bmw	White
2218	0	toyota	White
2229	0	nissan	White
2262	0	daihatsu	White
2322	0	chevrolet	White
2362	0	toyota	White
2365	0	lotus	White
2370	0	mines	White
2449	0	dodge	White
2509	0	jensen	White
2527	0	lancia	White
2568	0	mercedes	White
2586	0	nissan	White
2634	0	daihatsu	White
2638	0	daihatsu	White
2693	0	triumph	White
2708	0	scion	White
2786	0	proto	White
2819	0	mines	White
2899	0	toyota	White
2931	0	volvo	White
3032	0	polyphony	white
3104	0	shelby	White
3105	99	shelby	White
1543	99	bugatti	White / Orange M
1541	99	bugatti	White / Soft Silver M
955	99	bugatti	White Coffee / Black
1530	0	mg_mini	White Diamond
491	2	honda	White Diamond Pearl
2930	0	jaguar	White Onyx
103	2	nissan	White Pearl
800	2	mitsubishi	White Pearl
37	2	nissan	White Pearl (3P)
1137	2	nissan	White Pearl (3P)
2046	2	mines	White Pearl (3P)
136	99	toyota	White Pearl Crystal Shine
681	2	scion	White Pearl Crystal Shine
996	2	lexus	White Pearl Crystal Shine
1068	2	toyota	White Pearl Crystal Shine
1385	2	lexus	White Pearl Crystal Shine
1394	2	toyota	White Pearl Crystal Shine
1782	2	toyota	White Pearl Crystal Shine
520	2	toyota	White Pearl Mica
1408	2	scion	White Pearl Mica
954	99	bugatti	White Silver M / Gray Silver M
3309	1	mini	White Silver Metallic
1083	0	mitsubishi	White Solid
1135	0	mitsubishi	White Solid
1655	0	toyota	White Spica
3395	2	scion	Whiteout
2131	0	lexus	Whitest White
349	2	honda	Wien Blue Pearl
431	0	dodge	Willow Green
269	1	plymouth	Winchester Gray Metallic
580	1	ford	Windveil Blue Clearcoat Metallic
460	1	mitsubishi	Wine Red Metallic
554	1	nissan	Wine Red Metallic
1296	2	toms	Wine Red Mica
909	99	nissan	Wine Two-Tone
1107	1	mazda	Winning Blue Metallic
670	1	daihatsu	Worm Silver Mica Metallic
1590	2	subaru	WR Blue Mica
1607	2	subaru	WR Blue Mica
1656	2	subaru	WR Blue Mica
3334	0	jaguar	XJR-9 Purple
2125	99	bmw	XP Dark Green Metallic
928	1	mg_mini	XPower Grey
2212	0	volkswagen	Yellow
2457	0	vauxhall	Yellow
2460	0	nissan	Yellow
2504	2	jensen	Yellow
2635	0	daihatsu	Yellow
2652	0	chrysler	Yellow
2933	0	volvo	Yellow
625	0	plymouth	Yellow Gold
1864	0	pontiac	Yellow Jacket
1693	1	toyota	Yellow Mica Metallic
1975	2	nissan	Yellow Pearl
91	0	toyota	Yellow Polyma
1	0	mitsubishi	Yellow Solid
1153	0	mitsubishi	Yellow Solid
1901	0	mercedes	Yellow Stone
2740	0	lancia	York Green
313	1	pontiac	Yorktown Blue
3346	0	volkswagen	Yukon Yellow
2071	1	jaguar	Zircon Metallic
1432	99	opel	Zypressengrun
1994	99	volkswagen	Zypressengrun/Togaweiss
